"timestamp","liquidity","liquidityETH","liquidityUSD","priceUSD","txCount","volume","volumeETH","volumeUSD","symbol","date"
1644710400,"109754.695355628269047691","37.391070046369337696925442439873","109930.2927717417616783911127961855","1.001599908008896750292646922093254","3","614.97475392","614.97475392","616.2221116215982319623369287787686","TUSD","2022-02-13"
1644710400,"4057520.764979391768812141","1597.538508955047483863457553834343","4687182.32950336092425509361272267","1.155183818147919501637833172463204","10","86874.16726931000262656","29.6899788750882568191581900681541","99807.71549101170709006166181157077","LON","2022-02-13"
1644710400,"905711.864596466959978526","2278.48326989299370256657880293158","6700008.189784860849270331156121787","7.397505157746827788493686289211389","42","19907.556378543391254411","6.808049036424250776118261030209769","149467.8302736655714695699631809639","BENT","2022-02-13"
1644710400,"5737033.922355658837396351","514.845581377621309362","1513510.147001820149560607466865522","0.2638140487724995452249926645950104","7","65258.923509782807017058","65258.923509782807017058","17183.65990919905064361740447415832","LYRA","2022-02-13"
1644710400,"217543.585667880962221608","39.397230460243197036","115311.8672834539310075054813322787","0.5300632833160065616647174626649703","1","1608.431449965745015441","1608.431449965745015441","852.5704553575679326026132752271713","UFT","2022-02-13"
1644710400,"302849.485892087487383762","19.517234997417714635","57391.32062957904182660075106031894","0.1895044347211767812915581140173179","5","9342.875","9342.875","1797.191403103088227519375981315339","CHARGE","2022-02-13"
1644710400,"3075.676175503591867653","10.50679056635872762466943683371552","30825.57862577074559704131382108979","10.02237455011776695868498311831147","3","107.756405619674093005","107.756405619674093005","1065.90508988103653381846689252299","BOND","2022-02-13"
1644710400,"6.529999999999999999","0","0","0","1","0.8","0.8","0","HONEYB","2022-02-13"
1644710400,"71953.481344348758992881","154.4307042561406676649543521874216","451728.1932384075571627517879432995","6.278058890251130024140895518625982","12","5259.31908488246863546","5259.31908488246863546","33443.16620370311721764357093912844","UMA","2022-02-13"
1644710400,"4.566375986908600284","0","0","0","1","0.95","0.95","0","UNCOOL","2022-02-13"
1644710400,"2041382.796598428449770425","131.396730156766786925","383640.0306569106962638208282895777","0.1879314508264559556338290677893223","2","35167.886126566681391855","35167.886126566681391855","6686.782848605789414558469695249825","MASQ","2022-02-13"
1644710400,"576928.152160633377136841","67.20038528959529209300000000000001","197157.4911947074874507685936316505","0.341736645120089712754586516128343","3","22872.228608171549518019","22872.228608171549518019","7741.110073653908339475770281008705","SUKU","2022-02-13"
1644710400,"3038914.816682959130771358","81.77980947318049258152302752039612","239961.0080313732749900979814992927","0.07896272929864347932579969616773508","4","16471.96506","16471.96506","1293.493706807748311914393683152713","erowan","2022-02-13"
1644710400,"140.62","0","0","0","12","39.62","39.62","0","FRENS","2022-02-13"
1644710400,"1587824693.582880950030453655","3340.29874041334449419223413052887","9822241.165081055460488534400062273","0.006185973303461762868870888805076197","74","94615595.016867457930607848","94609379.46129408390309144735581779","583304.0909746295364512973277955642","SPELL","2022-02-13"
1644710400,"15557.116875220719610442","38.95160745937653340348302911478666","114294.0561197841424591517470819288","7.346737640174897341908204014304253","3","169.260085995895912586","169.260085995895912586","1239.995667973460790153377419255967","INDEX","2022-02-13"
1644710400,"1860145.050887459753930355","192.7568646579772600249999999999999","566220.7621456753188075247499305902","0.3043960264687617215980977639673546","5","22064.499362674453407068","22064.499362674453407068","6731.35316685089856749112630342662","YAM","2022-02-13"
1644710400,"22.218359717899280403","0","0","0","11","5.601619156517164089","0","0","gOHM","2022-02-13"
1644710400,"3709314.82822692486152224","110.102130593433899639","323621.9657084218787118151920437984","0.08724575310937280416497103776105877","1","28612.109755795941197555","28612.109755795941197555","2496.285063692449681191734513457679","DNT","2022-02-13"
1644710400,"24899.040656378344368832","769.5669209665049263909999999999999","2258107.24759937489270390909257418","90.69053216799015296775427159877658","4","3.431019011266808262","3.431019011266808262","310.6188050424974144168276650438198","ILSI","2022-02-13"
1644710400,"1606.16849442941785688","5.738396715290176011256700441309434","16837.59059865721471203008424645356","10.48307861662961592058998478219202","3","107.329404770305295917","107.329404770305295917","1174.063951099314401855090574565428","STAKE","2022-02-13"
1644710400,"55.429423622709766976","0","0","0","1","3.6","3.6","0","VOID","2022-02-13"
1644710400,"19573.342315","23.72447656735709378500000000000001","69300.96648854748954272389862024323","3.540579088295962780883081828441584","1","100","100","354.0579088295962780883081828441584","PLBT","2022-02-13"
1644710400,"24209.305745165291770095","35.61702675869208453099999999999999","103602.851233269621409991581872638","4.279463951747545713783519584899804","12","3249.332171801946916381","3249.332171801946916381","14158.73425573073825025036959442896","API3","2022-02-13"
1644710400,"419.37043563491029491","3362.650258026408389981887176822362","9827351.582892462200774196310582614","23433.5822171494745557971719222646","28","27.444563735480674189","27.444563735480674189","637883.779437981619594892158447127","YFI","2022-02-13"
1644710400,"17478247.49623587789409586","1050.32810729125648514","3088518.954146367344500182094647699","0.1767064435271048756367741724412561","20","1163732.087893709815785413","1163732.087893709815785413","213645.5931397564969080398170908833","BFC","2022-02-13"
1644710400,"534.00708086739097731","0","0","0","1","31.780787369999998976","31.780787369999998976","0","BAT","2022-02-13"
1644710400,"5727663.696755159677654194","34.99753473686899689","102682.8284360321988827013054908316","0.01792752400847210210075952911948213","1","125000","125000","2240.940501059012762594941139935267","OOKI","2022-02-13"
1644710400,"125204.612467404502515395","173.585540128426477661","510513.484303755407526798047754091","4.077433524556943792467214485716669","6","2390.284539657863385057","2390.284539657863385057","9677.345306909765571602097202735327","BPT","2022-02-13"
1644710400,"2927142.864827310486393812","388.7973007938458153599999999999999","1143069.750401018983101143140793189","0.3905069903270523986947723447388503","19","170505.823687904608199461","170505.823687904608199461","67265.51013277677642858339501148699","STRM","2022-02-13"
1644710400,"5138580.244603301442270766","4416.46154487370349467","12986202.88281732531487884366319122","2.527196670024924479694654276005963","23","129228.19543713012270818","129228.19543713012270818","323063.0890776676746111126257610721","SYN","2022-02-13"
1644710400,"98738.818639946365664266","70.83683923227705011564166183769069","207840.5717773444703923867993717942","2.104952992553419597485004885211532","4","2168.477221036933989305","2168.477221036933989305","4534.974356387803913515013024242062","DAO","2022-02-13"
1644710400,"3330796.913814213959231422","3311.391782591142025636740758398871","9735528.450939442762902760519610833","2.922882632249992998156034167772561","47","91383.942384549005735901","36246.09695169201968696381924964436","267396.4889025655721345418053668075","MANA","2022-02-13"
1644710400,"41.18","0","0","0","8","2.2","2.2","0","MOSHI","2022-02-13"
1644710400,"3803937.437515346315891254","38.26182733185836044899999999999999","111804.3412697016979766509514673885","0.02939174029705651357612755757383158","3","31758.988272444670095275","31758.988272444670095275","935.2590488087550788171209629974522","TGT","2022-02-13"
1644710400,"6316.241847007978775672","0","0","0","3","27.554715960133889717","27.554715960133889717","0","1INCH","2022-02-13"
1644710400,"140317.909876954760348138","135.192518396656682605","396607.423152392322647451187294157","2.826491810633287545836803009611574","7","7278.318351893368664008","7278.318351893368664008","21201.83030017846910352630461605182","MODA","2022-02-13"
1644710400,"6.659112266597178792","66.2887770540662165","193272.4206268580740297307052165448","29023.75164874952794208116956373934","2","0.049202418065737326","0.049202418065737326","1423.610788138811541227201373217014","COOL","2022-02-13"
1644710400,"12788.104062117815504798","14.143931728604387966","41500.31523561340361105312900236139","3.245228145941487523911451498380896","15","113.965601334586871793","113.965601334586871793","366.0623514246574962877088087692728","DEGEN","2022-02-13"
1644710400,"96914.511891162008308543","6.937500686786498823","20268.61395236163360847592502729405","0.2091391016355106180036320128152021","3","8820.639911238690323779","8820.639911238690323779","1892.242024134008605249559827726325","ARCX","2022-02-13"
1644710400,"4049389.910775975127907194","50.31117349944088357170968439402341","147164.1102352021062858253620183394","0.03634229191997008548499741580130334","1","10574.769926590430828034","10574.769926590430828034","384.3113756586700683173610820367566","ARMOR","2022-02-13"
1644710400,"6008.789729561451646472","367.1803582382705622403416056496501","1077092.041412943008857384777643164","179.252743046402791030226709655985","14","526.076724487266008854","512.603228531150580108","91951.43779646691396427759877715254","DPI","2022-02-13"
1644710400,"149156.606111965104001793","0","0","0","1","10797.981761783649412885","10797.981761783649412885","0","GOLD","2022-02-13"
1644710400,"6577208.948015736770787499","1018.33988590315916226459302633456","2993930.523128535640919274378408616","0.4551977209165245906556257837928858","10","19814.603652926661200451","19814.603652926661200451","8948.759557402024438470828318576332","EDEN","2022-02-13"
1644710400,"124958380182.217848128127377505","0","0","0","1","1219905060.856423341067764414","1219905060.856423341067764414","0","eMax","2022-02-13"
1644710400,"128510.90709412","13.350856211361656872","39175.05393431872131866400502822918","0.3048383582385527404397777777573175","16","6614.56204283","6614.56204283","2020.748801374937357467722978859112","GALA","2022-02-13"
1644710400,"15258.43142134843114294","1335.114664181248363934","3896708.698207848826816413322846303","255.3806869529112813107034836892881","2","0.136492161964637845","0.136492161964637845","34.87670033043752007309505981510836","TCAP","2022-02-13"
1644710400,"45512216.328368771877686135","235.908064174148612006","693679.0434458420601543108595643606","0.01524160103390650649049389490759913","6","255111.768574857143608252","255111.768574857143608252","3893.763914754946724190123697069903","MARS4","2022-02-13"
1644710400,"12002.031985413976689075","21.89962819220419158811486728594777","64388.98246943588483082106755270208","5.364840099383801641240282647153341","4","21.800110092285986138","21.800110092285986138","116.4110268568368211734013067628228","PMON","2022-02-13"
1644710400,"224.589173335506044704","0","0","0","2","12.72","12.72","0","BLOCK","2022-02-13"
1644710400,"12.635971471120803079","0","0","0","3","41.59840311754563358","0.01418894237476197620038732879484035","0","CBG","2022-02-13"
1644710400,"44200588.365390656207364329","24004.76942630117944873128723672181","70574140.42511198543544266181510866","1.596678755533760935456422088586232","33","989577.519047588094984807","989577.519047588094984807","1589038.722946074354046276788657734","BIT","2022-02-13"
1644710400,"5192900.144976000922353258","0","0","0","16","69843.470877051274379377","10.41385494921057278290037969794991","0","agEUR","2022-02-13"
1644710400,"10.720301206433473872","0","0","0","2","1.06","1.06","0","XPUNK","2022-02-13"
1644710400,"150559.466042134423521038","133.512891226957120725","392529.8528012105332739082623798454","2.607141637254213716130653643128181","6","8546.003340878132643654","8546.003340878132643654","21454.77029518309692982772747268505","VSP","2022-02-13"
1644710400,"404381.512820698718635967","35.99556466008376953045331268049093","105237.6212913364179471305803348287","0.2602434037037652453161305134237998","5","5619.264126686089756192","1.92493773557963006849841931227333","1462.252088788451162441583790213965","NEWO","2022-02-13"
1644710400,"27654646.802349950820391474","281.1507108105369725864277053289422","821357.3619203708798720738711406644","0.02970051896850029995523190179120084","2","155051.201699519913483741","155051.201699519913483741","4565.006202925870514257485671937446","TOWER","2022-02-13"
1644710400,"17686.180129327515237518","4797.029050715002970940011331792987","14119322.50694459804876359316894438","798.3251557826047965018359113787444","54","940.965446051332022023","933.0854938049552642730078179537353","747880.4145613171901261470813223477","KP3R","2022-02-13"
1644710400,"12520.500284404559878238","13.92553421668405848799999999999999","40636.38074439767913903814288167741","3.245587622006929432203210797945862","1","8.970506334269870116","8.970506334269870116","29.11456432164104537150910023678305","CELO","2022-02-13"
1644710400,"81893.101048886549480256","299.6283086624880677308881969694297","881424.1471571984748196673851367921","10.76310624299142547930154464451137","13","269.571548716073497481","269.571548716073497481","2880.485462885108466553194227710838","UNI","2022-02-13"
1644710400,"317.560462717241350365","14.326293944264710225","42127.14845058016146354626639036004","132.6586694392448586918799942302402","5","13.60555","13.60555","1760.160014272960405011420418171547","ROO","2022-02-13"
1644710400,"3866347.440147356693929849","0","0","0","2","287314.20533824425842252","287314.20533824425842252","0","GENE","2022-02-13"
1644710400,"0.545197347","0","0","0","79","9.158108691","9.158108691","0","SQUID","2022-02-13"
1644710400,"243165589535.816824576128414135","0","0","0","17","655759645550.466327551429875403","655759645550.466327551429875403","0","LGB","2022-02-13"
1644710400,"1734.78568625","25099.31651545932332623653805472344","73792268.01421951329060959453608581","42536.82088750258922111831814526871","47","7.22234469","24.43852042105072734860119968738192","305390.283353608563731854962719216","WBTC","2022-02-13"
1644710400,"9489886.983174320632329884","8.933289134252461367","26268.09410742191819491463815838068","0.002768009161120206471025077749787794","2","166216.319550562118546682","166216.319550562118546682","454.0089750050590877406281180626122","SHARK","2022-02-13"
1644710400,"390.375061836801903338","0","0","0","1","70","0.02395689403028305363189699639557865","0","TTT","2022-02-13"
1644710400,"47515.633282401725076182","0","0","0","5","8357.129560585398201944","8357.129560585398201944","0","STAR","2022-02-13"
1644710400,"2327317.692444387645517466","2518.607818241406236551106865070467","7403882.040334333129793041027438158","3.181294098511328351839376763248644","17","26310.988597525336792736","25989.39942913980136200098613476351","82694.53759163855841261474417102019","YGG","2022-02-13"
1644710400,"1154509.539261459930220134","13.28346541203379677400000000000001","39060.63953606404764891655601648997","0.03383310246275760484632367240134672","9","19429.783791503453684287","19429.783791503453684287","663.355712694629726836517935075893","FISH","2022-02-13"
1644710400,"2694912.507623219121009745","0","0","0","16","307224.158520155922949398","203991.6216883422940166874561760008","0","SKYRIM","2022-02-13"
1644710400,"438487.838095811587970067","287.139917570666781062","844310.4224968455504935428132094018","1.925504766935770476556508014335609","27","1812.942587458796557704","1812.942587458796557704","3472.676694776772133695642157781291","PIPT","2022-02-13"
1644710400,"22.999610823289338033","1597.476367485109422368818196080175","4668015.020961977773785242113048693","202960.6090654003389430211321198488","5","0.357097382381983893","0.357097382381983893","72000.21084751563722420603923248423","PUNK","2022-02-13"
1644710400,"1.5946038184772122","125.508178427642937377","365931.7828124140776454339455890117","229481.3160311289270745516563262896","1","0.1","0.1","22948.13160311289270745516563262896","NOUN","2022-02-13"
1644710400,"52277.742402838056332581","8.630072991063949591000000000000002","25158.0011787998209326958137618137","0.4812373301230016826523452858345715","1","0","0","0","ALEPH","2022-02-13"
1644710400,"36965745.979588200825408637","372.6994481112461004960000000000001","1095933.072437788714560506327340843","0.02964725973724276053820349943409825","8","1301407.198204130406446755","1301407.198204130406446755","37907.04782007827730376034448534566","BiFi","2022-02-13"
1644710400,"10054.416862954572155536","0","0","0","1","20","0.006853428832877682217286784923340638","0","OUSD","2022-02-13"
1644710400,"22958.268627","48.735195625812573072","142107.9173188370304879208713163017","6.189835985789950156415201845538615","1","184.996661","184.996661","1145.098989508784226293240071065682","WSCRT","2022-02-13"
1644710400,"573617.045472","146.927768188104705279","428738.3827476492438075813965766629","0.7474296416607746601109033588852238","6","27594.097473","27594.097473","20181.67606278509676513446176061719","MAPS","2022-02-13"
1644710400,"13069.574464975645611425","158.4155548971031360819896984627047","461456.5895855392353671984212091948","35.30769810617542036144365079783732","6","737.906834159479792928","737.906834159479792928","25802.9357172656656353812344670351","CREAM","2022-02-13"
1644710400,"229712.674433488027373879","27.64564555374596057300000000000001","80811.04798865858985463167943016626","0.3517918555776379684391504841377578","1","2201.679762700000034816","2201.679762700000034816","774.5330091079666460276041710970523","BCMC","2022-02-13"
1644710400,"13852297.8842820894349491","58.929953912775896578","172925.2840246625352968508024235732","0.01248350890727503137507720174267881","1","1200","1200","14.98021068873003765009264209121457","DAMA","2022-02-13"
1644710400,"9690478.712320970156742135","166.778473502991329965","490416.7307166515418582582770957673","0.05060810154746128620071290273920975","10","279507.988313513608773918","279507.988313513608773918","14175.27588232064756308903058432939","BANK","2022-02-13"
1644710400,"671.10419892486787232","0","0","0","2","0","0","0","TOTER","2022-02-13"
1644710400,"1952991.53539209938125404","24094.02028773894195413224737047389","70836686.02488549223854935281697239","36.27086177342991390878541191502512","64","11417.53103890616710943","11417.53103890616710943","413338.6876458780416175054804597144","TOKE","2022-02-13"
1644710400,"18104.03087528107919546","0","0","0","1","9364.015086070329451936","9364.015086070329451936","0","PLA","2022-02-13"
1644710400,"116.041148385513979611","0","0","0","1","22.485875346746822866","22.485875346746822866","0","DARK","2022-02-13"
1644710400,"14639724.517504650318907093","2149.705001146571097325324308681974","6321306.191876033329897786453150425","0.4317913348927896151232488919811465","55","455448.259614057984057806","271408.9513486947733420382026840155","196408.4759222411182338987002889364","ANGLE","2022-02-13"
1644710400,"134336.638783344439178243","185.7494527676592399984983297738762","542191.1686015415487906347725117911","4.03606323272668070837403727408681","7","2.472854928683644314","2.236764264601874324938315528644028","9.983352359921297409579371230857805","RUNE","2022-02-13"
1644710400,"5435751.59869232","225.8478509704739884902033162356794","660405.3747645099238708120194954458","0.1214929274772938107168693267539454","2","6817.7294667","6817.7294667","831.3057657889385878758044213052911","UMAD","2022-02-13"
1644710400,"217430.480635472069407106","0","0","0","1","13582.640316152590129116","4.660742417843117246917383074485338","0","BUY","2022-02-13"
1644710400,"98572.42094670750393434","237.0148297033878293586278289420927","692570.9471286298993330666646694679","7.026011337421281160273752895176569","6","3339.759770341103670137","3339.759770341103670137","22992.22591532054848109856471350151","CTX","2022-02-13"
1644710400,"4118600.782822890483997079","0","0","0","1","6294.107406203132133273","6294.107406203132133273","0","LMT","2022-02-13"
1644710400,"3204.004978532572388914","5.53444910031575218632754642792692","16134.73693630870574916259524406074","5.035802704557088947412067419404586","1","92.89922595599998976","0.03187304624251018999593383474287326","467.8221733204848654606041579717817","CRU","2022-02-13"
1644710400,"9789.453937174622031264","193.442841191444133244","567611.1562318381899343862453296868","57.98190173574267592743474716118145","8","21.894035099660412487","21.894035099660412487","1269.568222063454842509351717246521","DATA","2022-02-13"
1644710400,"174112.551870716418336863","182.5992714053177280288232904004403","534109.3044946490184926474534310491","3.067609421354300473574786252362898","2","143.687799145591522313","0.04917951817564779458493088152879683","440.4682001469163177517452891218972","PLAY","2022-02-13"
1644710400,"3562.557650725227565045","0","0","0","10","83.259982232850272208","26.01023403675239150911775319342898","0","FXS","2022-02-13"
1644710400,"655903.079524065086271568","2460.81307385164441945167323421798","7197772.350072652554577191965912492","10.97383527349114429945385179512072","13","8450.579128375773249384","31.98373899283116802464633939982669","93359.96132795833346256135939083376","BADGER","2022-02-13"
1644710400,"258691.224340080509340853","13.413495076669171933","39435.82382247293162171692875236098","0.1524436088741449979379274168892862","2","5482.000316074099785784","5482.000316074099785784","835.2471442240017858849662838330874","WDOGE","2022-02-13"
1644710400,"788585.166341072357488567","14.21131836921728733929543543817875","41500.66531625728214402864244409911","0.05262673847748710553931195325447927","1","0.569770084367549017","0.569770084367549017","0.02998514122230676622736709917915809","MIC","2022-02-13"
1644710400,"2854873324.633635705456474255","181.7096154817239377406844224421023","530676.0275503709761145431101222061","0.0001858842642758842315578817288038406","4","1065619.400354985086591977","1065619.400354985086591977","198.0787731359351743816970214537846","BAO","2022-02-13"
1644710400,"45480.188426930261","0","0","0","1","506.084426930261","506.084426930261","0","CIV","2022-02-13"
1644710400,"39167.23129732","0","0","0","4","19276.39858639","19276.39858639","0","renDOGE","2022-02-13"
1644710400,"192343.899863082","8175.010232625195445566259327158763","24030201.4794632681815316790107075","124.9335252980152559986842932452516","22","531.206455533","22.9919431326098637330930075248237","66474.55557836502746774465088384211","OHM","2022-02-13"
1644710400,"34119.543017283626096707","12.996998034085376842","38016.80249858315167107063273135724","1.114223671733391222172310412051153","1","41.283100092554515906","41.283100092554515906","45.99860736566319571235158843561685","CVP","2022-02-13"
1644710400,"9424431.144188294448368813","2678.368279822345689923860763143329","7875443.953117958121365935993986646","0.8356413063693992120431916976120592","21","177841.498726654294166053","173375.6085904407582113754953166837","147328.5214401108024080005391322628","WXRP","2022-02-13"
1644710400,"2039738657576.153277251230411865","1859.975642847742951789323805138595","5469310.006375804175067963137279091","0.000002681377825566660108319432550933354","223","347831282067.369965381974808141","347831282067.369965381974808141","928149.1582860105359973895298176576","SOS","2022-02-13"
1644710400,"32540698.375300348825637073","312.343194717044713963","916464.9611415751619463294644436412","0.02816365372899333914873844938570407","12","311726.705774463392128685","311726.705774463392128685","8746.244343512924398886545704084259","NFTL","2022-02-13"
1644710400,"844.070998666475442033","92.81836499535519402600000000000003","272368.9455161507079221962958645851","322.6848759718778568571019907719461","1","0.084151038432336193","0.084151038432336193","27.1542673994431312800993978899241","BOR","2022-02-13"
1644710400,"2446546.820639720572001405","211.7917394012848230634379088748082","618726.2232915829867444617238404845","0.2528977651569321218877765501750001","1","2866.5598","0.9812463801696884437381737041296699","724.9465671087023119322003701143383","CLNY","2022-02-13"
1644710400,"280213.502488459807112601","43.048818758918562328","125399.0567254464283580762340226475","0.4475125417291795544690469014840815","2","5094.193146875522579993","5094.193146875522579993","2282.375081726019031930921545239789","SATA","2022-02-13"
1644710400,"663615.345209946813922326","131.427046478753940317","386461.627840318538209683780326144","0.5823578834182237844778564206839166","6","4446.301523913189798687","4446.301523913189798687","2582.590333678035571196175983133154","MOVE","2022-02-13"
1644710400,"23522.836722876013783163","51.79704139545837103600000000000001","152304.4820965027459923117902454094","6.474749788506004490007649134349857","30","2731.891577736987844851","2731.891577736987844851","18162.86153465601644327808715646625","HONEYD","2022-02-13"
1644710400,"7257494.464372676992649841","889.3831287057273227592034205422894","2598743.359786796682465123246025151","0.3580772086763729628108694644691093","7","137653.486218389537077353","137653.486218389537077353","49023.04693852486785567143045793846","REN","2022-02-13"
1644710400,"1280591.86980374481411449","483.4192597186377140567827353738397","1413615.047518367036318546338845027","1.103876325354938017641556177477415","7","29639.526444949870611564","29639.526444949870611564","32968.28694952657129197209491473562","APW","2022-02-13"
1644710400,"4973.338465691990151698","819.8874174672674856113643196385433","2405807.315905002890006700503537832","483.7409181983472622228007505415968","74","1309.530233365752100273","685.174239842251646116","684167.9774063705285284256842539932","INV","2022-02-13"
1644710400,"735907.312805419580467027","34.47513902705176992","101375.103258428166991894918076565","0.1377552600638888382510206271246863","30","220338.559197660704258839","220338.559197660704258839","28628.89776254955381456414557655904","PIXL","2022-02-13"
1644710400,"81609.185743784639869472","194.7780001945821141898673478618064","570340.7499903955355821161627043456","6.988683256576086091631269011517989","4","412.071286619514955029","412.071286619514955029","2870.972627134270724257492685149209","PICKLE","2022-02-13"
1644710400,"366645.904171","3338.750624418945086528","9765147.335143188870549414776356341","26.63372813947710529639199179673179","4","55.831747","55.831747","1484.141436063212779537441661882434","stkATOM","2022-02-13"
1644710400,"72620473.012400276656140539","516.726144549814570879","1519271.702637891870905497510690145","0.02092070788878598057661025557076657","84","4545397.169040466224649234","4545397.169040466224649234","96503.95913317983237144953239571949","RADAR","2022-02-13"
1644710400,"17307148.405719860040503414","125.760031026179336991","367670.802978285202679576849165866","0.02124386954795934159474456729617921","2","69062.424777199115578618","69062.424777199115578618","1468.910193122351175860057411966183","ATTR","2022-02-13"
1644710400,"4204.096960239859376262","0","0","0","1","503.986379317610045233","0","0","OXT","2022-02-13"
1644710400,"1245089.912373","1197.053785092392642324","3487276.219963294894532493308837075","2.800822804288039230802999772234566","3","471.472803","471.472803","1322.960799614068719506929930959865","stkXPRT","2022-02-13"
1644710400,"465727.429113491374460206","90.79066177189252724997944364844765","265543.5527080650419669530471512963","0.570169451289405862468317067226074","2","9099.656318164081952784","3.115201675597797846435826521310139","5239.37611582533277735213389261422","WOO","2022-02-13"
1644710400,"61579.151933773440118338","73.09095155072052026999999999999999","213590.9546832002733013264381425457","3.468559536398147203159084090068486","5","1468.896103537767394467","1468.896103537767394467","5102.493724000909708152237365728088","NIL","2022-02-13"
1644710400,"2212763.706071","1736.175262417801150213865981022568","5105302.629585948313304329566166303","2.307206420450090596999503178664002","6","19553.503684","19553.503684","44656.55888630171592829375522918482","SRM","2022-02-13"
1644710400,"10575.148923661128664532","0","0","0","1","910.013216050853831137","0.3120179866430499279064352317569932","0","ONSTON","2022-02-13"
1644710400,"5491349.216239345824868533","14.330657370429223742","41790.74491575304070286077049870588","0.007610287248198849611088754823810475","1","462000.03790054462501578","462000.03790054462501578","3515.952997101899979872045620110265","LONDON","2022-02-13"
1644710400,"2186.713349709266180766","0","0","0","1","1161.834493961358039405","1161.834493961358039405","0","BBK","2022-02-13"
1644710400,"8454729.65196051","666.053964595094378909","1957754.036539362600906217327517297","0.2315572605074832021516727545353175","9","188432.50633524","188432.50633524","43083.56121691575722557535302046877","TRU","2022-02-13"
1644710400,"38006363.304483258005226825","2753.043713376544926749525357228706","8093978.950670497032321990268186781","0.2129637841386346333814858578687466","7","51242.824645209043614693","35936.38535687384127620135885053633","10913.70058837258509688357548888838","FODL","2022-02-13"
1644710400,"3315805.615182871685743547","2224.451060301095041831371495520502","6541060.088384162233874400748370843","1.972691058375993761195787373479428","60","122973.683783371506273025","122973.683783371506273025","239301.521077729185621108965453345","FTM","2022-02-13"
1644710400,"194799.167240327841380556","1686.205418626777329322893953792701","4958333.838598270470711702018563291","25.45356794303473295411394473550295","168","52969.437925004554304236","52969.437925004554304236","1378554.982468872855084778939836885","CVX","2022-02-13"
1644710400,"3942.921618768185043397","7.642206212375651228688616653284093","22404.49351868962306272718204296819","5.682206162061382696127782360994793","1","51.069553781892731188","51.069553781892731188","290.1877331931960680806385404363235","MBBT","2022-02-13"
1644710400,"929.233780316632914114","0","0","0","6","482.031039602064756773","482.031039602064756773","0","BUSD","2022-02-13"
1644710400,"13449436.663229036196136483","429.0999653266023469316001129846338","1261324.082166959448885081335588569","0.09378267014078281940696283823234347","4","188880.359120459123196469","64.52348888192665570500424589457577","17585.04737144976772645730291878684","SOLACE","2022-02-13"
1644710400,"20294.392916456986879765","20.733474649909249692","61024.21119645286845220467337080675","3.006949330667957195668758007439157","15","6021.169390408033416266","6021.169390408033416266","15011.38737066568237301716003582992","$WATTS","2022-02-13"
1644710400,"14415.676080200883559506","220.3460935085603043672931273905008","647819.9510199177351510214794146457","44.93857571547836236496278815410565","10","209.905139558726358954","209.905139558726358954","9342.027303119220229548449771810812","FTX Token","2022-02-13"
1644710400,"284784.437427041278295315","1571.356908566700819038053619927171","4619797.055898820123032735023895003","16.22208396511260427463989668223088","35","5927.795803115388341245","5926.691203037626935275","95248.77489493370148863712309873605","LINK","2022-02-13"
1644710400,"4171406.787932479174173945","129.994628401228751484","379209.2940684800366831707446917161","0.09090681234098287604494546760599321","1","1875","1875","170.4502731393428925842727517612373","VOL","2022-02-13"
1644710400,"3490928.333245343123909304","26.2353764135302518661271531132096","76592.16834045972770670212362270329","0.02194034395121935468907415263429345","1","12294.294977999999598592","12294.294977999999598592","269.7410604550687805232555214303406","XYO","2022-02-13"
1644710400,"11980531.982847798325829317","420.6575341286000694798800019528424","1236457.199000023031481720690367221","0.1032055338419216410280284834694936","5","41039.791250252539039307","21156.78491687829386419871367002478","4248.282311239463223117453873498436","REVV","2022-02-13"
1644710400,"47249.151212453934156049","0","0","0","1","600","600","0","BZRX","2022-02-13"
1644710400,"52611156.150333833183124306","163.8002990124581800230278308058596","481603.3628075938466703959020886277","0.009154015954932363378328650311651323","2","498900.22812161949575446","498900.22812161949575446","4574.85762421076977424879731522533","IQ","2022-02-13"
1644710400,"328240.73382495240067823","111.9965176826751179912764976486757","327932.13471361032937830536665526","0.9990598390768080471922612637098499","4","9243.375489151359553641","9243.375489151359553641","9261.295341242646123772041907024988","sUSD","2022-02-13"
1644710400,"10838572.566630052233186588","165.548070287228805606","486623.1190779950838024008331486816","0.04489734382332015767973517710720902","5","121607.189151276155315432","121607.189151276155315432","5460.024422505619070473947606665849","POND","2022-02-13"
1644710400,"811966.015582498051566004","12.8096111310185429827230083064684","37667.01709566293943606689093999833","0.04638989363199014774414967758539519","7","243939.718299328266894696","243939.718299328266894696","10922.63944655312772018475451572217","HEGIC","2022-02-13"
1644710400,"19492931.000931893862171953","6.923786589174985016999999999999999","20357.2211089503512458159047495544","0.001044338642966372705798145768327132","16","10326147.712094218401926168","10326147.712094218401926168","11147.23760696208545672965850199542","XMETA","2022-02-13"
1644710400,"5583.297471378958131524","0","0","0","1","30","30","0","$TIARA","2022-02-13"
1644710400,"2709960.517190408360418115","1532.556020976856863078102237298688","4506553.841188557016537051971583828","1.662959224904425305721463762587355","59","333846.245366660169781152","330109.5041986054082801796666931125","561856.2806750018305064367712470752","LDO","2022-02-13"
1644710400,"33410.023764563508359693","23.012960771167332736","67667.69685458201656297370885752232","2.025371108126958679527609468312407","61","20329.342272934527333471","20329.342272934527333471","42588.04264056942294464931700885813","DMT","2022-02-13"
1644710400,"61553.211664423950987881","156.03103607694212941","458443.421502706328532334423388841","7.44792041075045821051047120123382","3","2451.33832932293875169","2451.33832932293875169","18448.19814438308957459005471006141","WFLOW","2022-02-13"
1644710400,"54.69780169969950445","0","0","0","1","2.140628544580179514","2.140628544580179514","0","GOOP","2022-02-13"
1644710400,"1872486.117386069862504781","0","0","0","1","5546.684042158452968787","5546.684042158452968787","0","Bone","2022-02-13"
1644710400,"262.948344971654608237","0","0","0","2","31.808854166666666666","31.808854166666666666","0","RWASTE","2022-02-13"
1644710400,"126.971082926547757546","44.646270266662219388","130158.5420487177660888047661135368","1025.103819300446073729894355484842","3","15.343040905490604283","15.343040905490604283","16309.86462457806409316446088646967","UWU","2022-02-13"
1644710400,"25601.708756786793896612","11.03693558286695383351054599633623","32195.69185526702200459743077273651","1.25756027307092225313663782550994","1","89.7179465653883851","89.7179465653883851","112.8257253821322288345949535192353","yUSD","2022-02-13"
1644710400,"8694305.216203374675097512","17.102444365946135537","50281.9123717441956307755939503894","0.005783315759151744928489957772327698","4","1054616.520070059761067154","1054616.520070059761067154","6474.937136352405484863292686544865","JPEGS","2022-02-13"
1644710400,"865.679515446391043266","219.8696097578391196456534387929969","645162.7935879956855281415426743886","745.2674830307321714385572091608307","1","2.677896177333810759","2.677896177333810759","1995.748943899188359574729267281201","XBE","2022-02-13"
1644710400,"63903.441523804651960561","0","0","0","2","5322.789372919530582189","5322.789372919530582189","0","DEXTF","2022-02-13"
1644710400,"73029108095.435643124333060967","97.90402617298132680899999999999999","287903.8864362195518675604083148099","0.000003942316891779398481776222346799449","12","8450488556.99158879463696287","8450488556.99158879463696287","33092.53722863584166679509036595891","GCAKE","2022-02-13"
1644710400,"16468241.843664163551266389","0","0","0","3","150.851491422941602051","105.874611879961519859","0","LUSD","2022-02-13"
1644710400,"4846035.782787090408310211","9.200947399789683117000000000000002","26997.00788076585270212971443801874","0.00557094687097814207901303445847594","23","1286076.772962145938232068","1286076.772962145938232068","7133.303519902344287072185258647042","OIL","2022-02-13"
1644710400,"519511.989784823524590748","153.461697184891729767","450257.4628140137252435680758884797","0.8666931113572676045588539234259681","3","5774.368469203915390269","5774.368469203915390269","4970.425568112908557115173861587919","PERC","2022-02-13"
1644710400,"376.151287464991640617","0","0","0","1","21.784089420069072707","0.007421985643618156916266347894916187","0","OS","2022-02-13"
1644710400,"13016460.184127413256299856","696.9790775492849875968416144135587","2049809.086075102014047116633908628","0.1574782281111026521622823352753332","13","540602.967294500330665076","1848.809422151088999841132313617494","83405.80106513305706441044619940745","XYZ","2022-02-13"
1644710400,"54540229.246393571716126598","0","0","0","2","420170.358836654199953404","143.7356472918123701656661379367464","0","LAR","2022-02-13"
1644710400,"485970.934848277362124237","468.8645417125156959980153390909203","1378717.592365100255907722775652367","2.83703714255162814403123278428296","55","39779.980867961416384583","4651.895908333713165201709894802003","111119.8997432577053082532156421763","cvxCRV","2022-02-13"
1644710400,"668902.92329645","20.629816055688384363","60662.95490426303058370682030169588","0.09069022243961387823309494806841333","1","1096","1096","99.39648379381681054347206308298101","PEAK","2022-02-13"
1644710400,"10.041824490038598146","33.994025093966713128","99734.11830399259244825215665247954","9931.872281070831640465569584604385","1","0.001987705714854324","0.001987705714854324","19.74163929228774294513896345399185","SBLAND","2022-02-13"
1644710400,"1526000.64072457885685575","230.129210954566528571436062562028","675298.1760372619751296764048124161","0.4425281077972650553117697138438473","9","24930.472742627321826428","8935.941431315798624959978577727535","10902.79200375315760652387324819031","EFI","2022-02-13"
1644710400,"25898.188283305272442471","174.730656674706734484","509704.3774270190138528083805915026","19.6810823927629456009966040161475","7","1963.303021625163123369","1963.303021625163123369","38499.35656659336529040528975988849","MULTI","2022-02-13"
1644710400,"41171402.218865042331237056","67.77254665208303781623621812221109","198855.0012226303918461955945526788","0.00482993025512047178044437118936277","1","708014.699927090392859818","241.4744169132717237093362210752689","3419.661620247895974074474716135236","Mars","2022-02-13"
1644710400,"2135571.829394671641133275","6.220663933209428578","18299.48387238990358779841899872478","0.008568891769646959980749231105287004","10","385755.762725623746325107","385755.762725623746325107","3206.286697959206806903931213028729","HEAD","2022-02-13"
1644710400,"176.427926462803534154","20.541563094844417539","60268.98222787626864834691570719892","341.6068160874907460622798204849138","7","5.483181037917677855","5.483181037917677855","1868.092608403428454642897174380837","GNO","2022-02-13"
1644710400,"105530741.518109179555571966","1685.560196533025785317","4924179.919182183736816020114874526","0.04666109465683219515155123046021424","5","40128.757445441923895674","40128.757445441923895674","1869.289586303249478689960490314984","BSGG","2022-02-13"
1644710400,"123487.313084608764576995","253.4907220986960100883501659194613","740074.7013636743349667685727959757","5.99312336528533559615515809731217","3","2182.456289331756138496","0.7461481448200264621320634753546812","13039.42349959667744505707569180355","MASK","2022-02-13"
1644710400,"502.632476925256005475","0","0","0","1","69.743207729511619135","0","0","OOKS","2022-02-13"
1644710400,"8824496.629174167847603147","264.6251742342211546052741282367641","778000.9375304628455741665352858881","0.08816377525244420948397199838516271","18","193919.319222694222739703","171569.3899648027581016905093785936","17227.985937577595192729305674399","XRUNE","2022-02-13"
1644710400,"149891.102894993","230.567768317939563705","673866.1860649583003192020851803279","4.495705035521946882893077126213964","1","127.185969028","127.185969028","571.7906014069179760619000504102644","NRCH","2022-02-13"
1644710400,"116258531.725246232226555483","39517.16641468709493848629693580055","116202041.0285705525880392911806132","0.9995140941844235217753406891716","275","2575569.125193629573907283","856219.8555039989836851384441459628","2577130.192719914266933993722393414","DAI","2022-02-13"
1644710400,"5936344.905423115301946121","8462.149967427208371692973341378873","24878732.4229797197212629282240652","4.190917613336767256090660919724586","99","114349.905177398687599426","69493.84254986480155343612813166443","477716.1843694176951949232231113007","SUSHI","2022-02-13"
1644710400,"604.740462565884832133","0","0","0","4","92.737842424192600074","92.737842424192600074","0","MM","2022-02-13"
1644710400,"9274933368.238432962601149435","45.090031995975560104","132573.0854539661935369656333490428","0.00001429369680519284406153815926796458","11","679418988.079168848458077803","679418988.079168848458077803","10117.32118908313136804973069585895","GAS","2022-02-13"
1644710400,"106129.551435114735635508","0","0","0","3","27139.981151122146330982","27139.981151122146330982","0","ALK","2022-02-13"
1644710400,"4.496581196785204128","0","0","0","1","0.24","0.24","0","RAT","2022-02-13"
1644710400,"275.603486280617557643","0","0","0","1","14.354087147574009559","0.004932073990174131133596191155770212","0","WFIL","2022-02-13"
1644710400,"47768.156556074657820859","0","0","0","1","236.833938730512535518","236.833938730512535518","0","UMB","2022-02-13"
1644710400,"370003.896501347145776944","92.22246112218805603199999999999999","271172.2764725341217119063143655374","0.7328903263902433297854380521857354","11","3771.991060563205135033","3771.991060563205135033","2737.684200692177904849277846968071","NST","2022-02-13"
1644710400,"8302.627935910851947554","553.200708017351424785","1626550.88294427617084324798000726","195.9079577574534569311089738001188","20","742.358059187004485454","742.358059187004485454","148287.0543105383172527084080673042","VRN","2022-02-13"
1644710400,"4336741.36895346970439915","179.10290931111588085","526632.1792810434861892783780154999","0.1214349979574938061150792090957794","3","51509.734192223120699656","51509.734192223120699656","6246.419988780889784996976667268585","BMI","2022-02-13"
1644710400,"35.066185908954821329","29.725768633618846785","86843.20822007822251462778904500616","2476.551297753233782153208210587205","2","0.95","0.95","2352.723732865572093045547800057845","MORIE","2022-02-13"
1644710400,"2357336.619119622703866777","667.9480290029480281050000000000001","1964294.637718304661977643924831519","0.833268622642402016786307223712956","3","3337.778076923077803093","3337.778076923077803093","2755.677465652072520885145102569971","XDEFI","2022-02-13"
1644710400,"114438.419134092938541141","58.590076281136593315","172030.4175356470520361835032262764","1.503257549670192750712085008539952","6","2218.349570628202145305","2218.349570628202145305","3355.780977183285143800825942668916","SDT","2022-02-13"
1644710400,"33888351.060870524573722359","0","0","0","1","23384361.280224069269656058","0","0","ELON","2022-02-13"
1644710400,"242450.529687352376752708","52891.08161655767961648876089010839","155509623.1364493330207317654106378","641.4076444253758017479676778355534","37","624.263090497855295543","624.263090497855295543","398833.3795229880304565122308045241","ILV","2022-02-13"
1644710400,"33518.490564","0","0","0","1","3644.747182","3644.747182","0","SEFI","2022-02-13"
1644710400,"14529.089849629826735963","122.169740110044127385","357239.617948448034627354530061503","24.58788689764691715882182909901508","5","458.615816289083005663","458.615816289083005663","11328.25328878205060892326689280963","TORN","2022-02-13"
1644710400,"14997703.262441639836870188","117.298789199679846117","344155.4567968397944737759996029667","0.02294721070116778471857502648899549","4","41339.294313469442230043","41339.294313469442230043","947.2569811172437807853937151113433","YEL","2022-02-13"
1644710400,"313547.915989100125645404","108.581054241030975436","318812.0549732338808599605108230858","1.016788945853866726433320556970308","11","67878.216622874706157542","67878.216622874706157542","74458.76059444349022227066027542341","TLOS","2022-02-13"
1644710400,"180.009493576","2169.883166752981498257688407281807","6378027.549450035466546866859929301","35431.61764830604628791762775582478","5","0.770286814","9.306254397884227830947403795038291","27152.35078437946868285089617783766","DIGG","2022-02-13"
1644710400,"19115740.512958389694668654","143.1661316612294264611332486002664","420964.0826382191260011877780530011","0.02202185588117035464533281165520255","4","326798.211267169205553872","111.145246102211112606289855270343","7282.62296918136173826977722754235","LEAG","2022-02-13"
1644710400,"1131609.416996992182012956","47.81765570504160421100000000000001","140618.0827035694917360539622430726","0.1242637968467376713420792974014876","6","53691.430424863283751754","53691.430424863283751754","6631.628621415385448712750659357616","SHOPX","2022-02-13"
1644710400,"528973.829284339539635833","0","0","0","5","212123.597621584013660832","212123.597621584013660832","0","SHPING","2022-02-13"
1644710400,"24327.87600332025091154","0","0","0","1","1663.676243335130892694","1663.676243335130892694","0","ALPA","2022-02-13"
1644710400,"52947.067798038304275765","30.76997104892484481971731334092757","90566.71122397367503653362027121789","1.710514198244783319719051011383954","56","5921.131233214444207074","5901.479908065257703275030497750148","9875.798191849202510423679663635627","MATIC","2022-02-13"
1644710400,"7005296322.162301092222562213","164.797255250024236877","484534.5996824868621229293675754855","0.00006916689564574010883846545804997679","8","29250994.767263127908882856","29250994.767263127908882856","2011.77635921299897723578953522709","gm","2022-02-13"
1644710400,"12589059.579701709934196642","2168.748408415472540828446489413275","6376152.038165902286678678188424422","0.5064835858308791409202697447971406","22","565795.701686603410801991","565795.701686603410801991","283655.9720009239767776802688209535","FNC","2022-02-13"
1644710400,"26855250.795131152922062333","193.847462853720804311","569947.616365288574659319699900143","0.02122294893885779192147770858570257","165","67194596.899805814479270962","67194596.899805814479270962","1498462.324132988541936285401140633","X","2022-02-13"
1644710400,"5212.384417724037758711","5522.226439173503234111685860762061","16200261.43736826459767274719753486","3108.032742612263000461533678047795","4","47.275459852136952463","50.10313031972957802791813328189806","146643.4511725654790917558003807312","wstETH","2022-02-13"
1644710400,"74046.317614147564652156","4114.469639061673033369191626866074","12104039.45664442833123932343494136","163.4657852902030818265934144182845","8","179.835423878021198813","179.835423878021198813","29183.48295662505158308598695559348","AAVE","2022-02-13"
1644710400,"90","0","0","0","4","12","12","0","ONE","2022-02-13"
1644710400,"10612338.686707616918593509","1025.542417910888079946421521685184","2994484.636801602062046828443152322","0.2821700970166279262938980331639654","12","173990.938533717863466069","173990.938533717863466069","48707.75192203312217596954478847599","PENDLE","2022-02-13"
1644710400,"28.000932175408916965","0","0","0","1","15.091164428622685775","15.091164428622685775","0","CLV","2022-02-13"
1644710400,"88791.429654351063840432","49.501281805904442265","145205.6587619723433074498478353869","1.635356692951466650188577792850421","2","1034.755512221907040979","1034.755512221907040979","1692.194352480518829444869740994316","LEND","2022-02-13"
1644710400,"1861382.623933127529856873","247.7116731183436214780000000000001","728379.312568421691442845673180395","0.3913109014788942276161879216327106","25","250997.8877086805188818","250997.8877086805188818","99577.34642049253100558719422794305","OGN","2022-02-13"
1644710400,"5915722.51027373847974589","36.891274270354580968","108580.9759528289872091770933253061","0.01835464320110657372315253236922966","3","406616.704585597945426147","406616.704585597945426147","7518.714740902124405827800390193204","SWINGBY","2022-02-13"
1644710400,"554638.86144215676409325","14.273265721180543859","41656.55917429701202603367716846977","0.07510573468649991225949223871280925","1","0","0","0","ANKR","2022-02-13"
1644710400,"11193710.861263119929324378","3830.265515501786318177718402016159","11258480.49622738966759562323738812","1.005786252277465116488052691956749","57","376548.813212069238639507","187864.259314148830309368474828917","378120.1212237434611288253196086396","FRAX","2022-02-13"
1644710400,"8007.819402929552922595","21.04822987171505894103839743163842","61481.9084434858427114523184095066","7.677734143329145786299201596405751","4","661.97750333886339887","0.2272109531707238539935890684086763","5221.985433297709675438831763295115","WKDA","2022-02-13"
1644710400,"301452.91751087853124591842913","1108.439877536943244328","3236543.530589807660853500867423882","10.73648103098226115687452197060102","12","8850.574777199667612660008945","8850.574777199667612660008945","94894.66274499014492200155581972356","NEAR","2022-02-13"
1644710400,"2127789.293063321143045323","0","0","0","29","310048.907460101785986784","0","0","DOLA","2022-02-13"
1644710400,"26889.461832408907368641","30.35494887392634873399999999999999","89223.73618172214670185106154331033","3.318167419557053617480137662980342","10","6404.743257038445191624","6404.743257038445191624","20699.5117851680724090244334092537","NDX","2022-02-13"
1644710400,"37004821.431028313594638714","127.4931638406343499383599161232949","372335.5403508243761420874503902416","0.01006181156811699492424492068717148","1","160000","54.75174997573637279532554035784506","1609.889850898719187879187309947436","SPC","2022-02-13"
1644710400,"1088712.267062222360366624","1928.848239705305845854934761063733","5635667.073718894251080018617604307","5.176452258525716761515470980893729","12","4758.252215017512541194","4719.221236740828436102764769372768","24731.73038531079146343689572344865","xSUSHI","2022-02-13"
1644710400,"49303.917281784013781757","1971.461623803841717529836369911439","5799514.309878484353143803262353055","117.6278606166896162836706255689335","18","1472.253180633068166554","1472.193792810563453118062378029076","171380.3705146648989248768842760686","NFTX","2022-02-13"
1644710400,"6443.825343345803303535","145.071407777810879307","426607.8091232956688212879666381358","66.20412354345248183929910533250336","6","166.253330686363620855","166.253330686363620855","11037.41644358974991475740958211872","Game","2022-02-13"
1644710400,"391.492656016","110.0920520208889661236569422255186","321599.0477204383306919947494440146","821.4689159004168600230091664443542","2","0.72476013","0.2036708125127828996454437464204999","594.9876882324558243367084823315903","USV","2022-02-13"
1644710400,"746271.306287584787319083","36.94636481120114557514742992181253","108138.4215576913932995488965405699","0.144904970413024198738040877651466","1","7933.2306485","2.71283558595329808833341533754137","1149.564552400589277000780913430449","WALLET","2022-02-13"
1644710400,"5375.512890024606803991","67.79980749838613793100000000000003","199359.1581504826934343162957255282","37.08653708568636922858236488504077","26","1978.830770369986656353","1978.830770369986656353","78409.44848709884312774855594117998","MPH","2022-02-13"
1644710400,"1059821.858195791263010093","210.437686108500914369","615539.6753977197466365278417539832","0.5807954144723868102053324337466818","2","2884.942720406676296345","2884.942720406676296345","1678.795929248475157999122612309274","DFX","2022-02-13"
1644710400,"112178.795641890117144235","32.82945682727107465637898558589481","95859.12990240342393700034354802128","0.8545209400216402542415246164571301","1","1031.455211645601224928","1031.455211645601224928","881.4000770456190586093823851955647","OPIUM","2022-02-13"
1644710400,"1027116.388779050791758671","243.78041055723510699","716585.3272033712736161089414018575","0.6976671144885414443312566066691689","7","2665.822026594654196846","2665.822026594654196846","1853.090486020006494603877110468252","WASABI","2022-02-13"
1644710400,"67081989.148475816576534966","660.923978786763811656","1943460.655555765035244742283023101","0.02897142258638469126709118033785095","4","266041.94336509399785373","266041.94336509399785373","7656.522402219154374030484117434569","BLOCKS","2022-02-13"
1644710400,"298669.247563426753517752","244.834057477564827737","714209.1272681497882393691101806522","2.391304538698705847435614024692534","1","164.805031254327507138","164.805031254327507138","394.0990192388554389815345484885312","GET","2022-02-13"
1644710400,"1850103.002315514614661358","29.71865676820549595","87424.28663640083483150668252307042","0.0472537402117525936522358259242596","1","0","0","0","JRT","2022-02-13"
1644710400,"2822630.139337030513903652","13.20459111974434181343112581115542","38821.56297323026968497030606010197","0.01375368399571774660336577666971027","2","24961.171603408193176772","24961.171603408193176772","342.0673830679570285911130170233296","AKRO","2022-02-13"
1644710400,"459702.843786803613478932","26.556763792948283971","77259.98652827797478577872538891258","0.1680650610987058381402254814288033","1","1217.899468813846968657","1217.899468813846968657","204.6863486382805762718099634683544","LLTH","2022-02-13"
1644710400,"427324595915.522836524","0","0","0","13","97688724512.968470654","97437817783.24450327","0","SAITAMA","2022-02-13"
1644710400,"43.561284874797562434","0","0","0","1","0","0","0","WHALE","2022-02-13"
1644710400,"10.736240774572190226","98.886557251314299516","290624.854861513415151736153364954","27069.51725131127372740098878621932","1","0.6","0.6","16241.71035078676423644059327173159","SQGL","2022-02-13"
1644710400,"117742.590908623","674.3307564568012249199999999999999","1969815.536540687051536915355103087","16.72984704463833554448307105923393","3","179.52813108","179.52813108","3004.075373240809350160803741816404","ICHI","2022-02-13"
1644710400,"7757660.41617857947706293","153.4517806164967585744990448174361","451427.904496096469305472619611746","0.05819124327157254978153370225649269","4","58114.413819866532312585","28875.20543502538446036230454268961","3383.798368973139571326449205458734","BONDLY","2022-02-13"
1644710400,"168.67080499737138911","8.019538796320404091999999999999999","23429.36987607276267943613043752906","138.9058994319609267256904817853611","1","4.24","4.24","588.9610135915143293169276427699312","BB","2022-02-13"
1644710400,"147327.224451575010572916","355.5781721670773088528776781901664","1046590.053172290230213603379701648","7.103846943891174325103480665765779","12","2932.744683524485133902","2932.744683524485133902","20790.63426219152467015285272840995","DYDX","2022-02-13"
1644710400,"505053.856245449273599825","0","0","0","1","12540","12540","0","DUCK","2022-02-13"
1644710400,"1541874.068208241450453949","48.586782169334277067","141883.9614716204228888244039618566","0.09202046029381560930811388386161262","1","0.348031624639268586","0.348031624639268586","0.03202603029610995319914904048443082","PNK","2022-02-13"
1644710400,"56883.632375670116144895","0","0","0","2","2437.98132271050972957","0","0","FEI","2022-02-13"
1644710400,"103342110.439309738909562978","0","0","0","4","810114.048474279547151044","810114.048474279547151044","0","SHIB","2022-02-13"
1644710400,"1114354547.631304255237355608","322.6551514358917103949568025491574","949661.1849829773117062652801145298","0.000852207393958769531143983905154558","2","24546680.772839217427095116","8335.196611167476965193607079312906","21152.77447960687212821916653478563","ibKRW","2022-02-13"
1644710400,"539023.739952702743264068","105.281087535726520001","307458.5729413288776885865648054414","0.5703989456351350741290104733796259","1","1902.558772743055983383","1902.558772743055983383","1085.217517981515696158560783831246","OCEAN","2022-02-13"
1644710400,"933454.448276530322994092","362.6443474672411795506372661991465","1066356.801010026529370780113291255","1.142376902246144394195080787914699","22","56675.050219398782675038","4715.884453134612724439335352876346","63562.33874248159070407620102803724","ibEUR","2022-02-13"
1644710400,"2617.229290177871108493","0","0","0","1","4.345605390897862277","4.345605390897862277","0","FUSE","2022-02-13"
1644710400,"241622.162370956283484633","204.9040705891872199564562378802252","598141.2391328619899003677167393134","2.475523078112971893543195897369438","10","23153.71812353914550666","7.928893492596403363312477874039901","59009.04842213062641526200675276222","STRP","2022-02-13"
1644710400,"32.261765912348359019","20.102779658569154409","59084.75489696016636490143074997855","1831.417258977295118785078341099244","3","1.18","1.18","2127.941712988922949561136334704929","MOONCAT","2022-02-13"
1644710400,"50307.208568966695246531","0","0","0","2","5320.789645349310465274","0","0","POLY","2022-02-13"
1644710400,"1059590.364315912350133679","358.2296526374677198616033751171858","1051196.575736877800090442534839958","0.9920782701865605322164398501550949","28","41948.558403917685065443","41911.52032485303616752383065157256","41688.19295808252575877783147776045","MIM","2022-02-13"
1644710400,"467688.28097031296865215","119.351168907940601796","350227.5872151218495000767856093781","0.7488483279685875500636401494913758","6","45709.12162988476481821","45709.12162988476481821","33065.89663671926978939055492282837","GOG","2022-02-13"
1644710400,"61.533730860929965959","0","0","0","1","0.1","0.1","0","FMFH","2022-02-13"
1644710400,"18493.769123488345494855","7.85127390993464370965122574062661","23039.01764124394316569940123320125","1.245771886055548444056736035542101","2","30.345268115539639031","0.01035896592442212811923987774858511","37.77286150293027523784570536798384","YLA","2022-02-13"
1644710400,"46400.961710452212347272","0","0","0","11","24980.90066010137101744","24980.90066010137101744","0","TCR","2022-02-13"
1644710400,"689916.635321995153129039","772.2080222235933486930036409176111","2270092.714389317887368270442463552","3.290386980348472432147063424265585","6","4774.626828955421806359","4774.626828955421806359","15704.19770853087469470060432074298","yvBOOST","2022-02-13"
1644710400,"19199148.774167449351159967","0","0","0","4","1004129.707266225706176625","1004129.707266225706176625","0","HOPE","2022-02-13"
1644710400,"449.716023770583690445","20.51115675810929339077166131585018","60338.18678023827791488267670603931","134.1695283044194039063586779090822","19","1283.816369869410584212","1283.816369869410584212","7397247.521845650170332379990840662","Metis","2022-02-13"
1644710400,"3664.235578754609524827","2521.882932048528793477639380234678","7366799.814226026596204252825913069","2010.460205380636194439127876008086","4","13.024561581436017827","13.024561581436017827","26121.04846002192353876908434811958","MKR","2022-02-13"
1644710400,"493803.610126656125270188","12.221377521161746328","35723.91863071486415275566184042355","0.07234438529429139780150077072170036","2","2211.484588452055985119","2211.484588452055985119","159.7108530188162566968988471744439","BITT","2022-02-13"
1644710400,"234.586246617769155884","8.702088062480999384088790059143164","25579.27728797234705792344836800239","109.0399699759499832239274737818719","3","2.286497176306727079","2.286497176306727079","249.7577262570647101725090604506435","FARM","2022-02-13"
1644710400,"921.3759533","0","0","0","2","197.02980857","197.02980857","0","CRO","2022-02-13"
1644710400,"160179853.659631","54389.41723067496242864215926067816","160086627.9930716759998526530576416","0.9994179938086507379043390566918834","712","5375721.467381","4418762.534895651147092334531545887","5374476.540978077956148145532286199","USDC","2022-02-13"
1644710400,"85355.828291851864579029","0","0","0","1","797.367582870575268071","797.367582870575268071","0","RFOX","2022-02-13"
1644710400,"1191.887431930480900539","0","0","0","1","81.858287056016713689","0","0","tfTUSD","2022-02-13"
1644710400,"2946618.084467112781171087","400.3693361248022848916158918843705","1170080.12347288840482695074893002","0.3970925616865254377347418826135324","9","69511.743728519286791482","57451.56790474496985226312975697645","27898.22263619906520842513880590677","ALPHA","2022-02-13"
1644710400,"67123809.901132618560571047","33.992717382263721888","99160.66933328556530310597532011874","0.001477280110877800016389762833681331","1","80621.5","80621.5","119.1005384591345540213672642956394","EL69","2022-02-13"
1644710400,"99.755861723665258434","0","0","0","1","5.3","5.3","0","PAYC","2022-02-13"
1644710400,"608768.671343442998553537","207.2593488841525659420637401834262","609455.5784598573179944037350022127","1.001128354905153773671786291926686","28","23815.690545923518347837","23815.690545923518347837","23880.30666525195814660002238502743","UST","2022-02-13"
1644710400,"63689.598925075721627483","0","0","0","5","79395.518890416016736266","79395.518890416016736266","0","BACON","2022-02-13"
1644710400,"1596231.838211996200596093","195.8358490812618142752163057167972","576095.64898146686603301354678331","0.3609097595915483601834760302431563","9","36756.809235097628619845","33325.23590199669515926237586252016","13380.54694816701439566963549907067","THOR","2022-02-13"
1644710400,"13779.90309869734896289","0","0","0","1","4296.03367928017875992","4296.03367928017875992","0","WTF","2022-02-13"
1644710400,"19289775.113211729402902329","160.846023715142431706","473424.7740409416247358805776982799","0.02454278348308420716441382061446776","33","2698612.079682903853566838","2698612.079682903853566838","65303.33961204974506533539654541009","TKNFY","2022-02-13"
1644710400,"1419294.351442566333361982","63.21121263457582034","185852.728935752383022553600487594","0.1309472758394706858736303147426416","26","195742.434195515935583815","195742.434195515935583815","25802.75391055214057821901197916154","UNQT","2022-02-13"
1644710400,"46160.562737117652181107","28.202742790310634066","82916.37560770544627154953492003844","1.796260069009784618661788811587481","10","1056.819150354486159143","1056.819150354486159143","1896.841668577974556732339218635236","$Stardust","2022-02-13"
1644710400,"39602.572115920342767535","208.990136815328339721","611321.028178772644057699585741072","15.43639707010393679974821411007468","1","389.209113918122025746","389.209113918122025746","6007.986425743448207861506666470635","Auction","2022-02-13"
1644710400,"179485.998394960498021071","145.630282992802756693","424970.6732500070781068991025449611","2.367709331369990328827046980539116","6","2126.42406319828808786","2126.42406319828808786","5028.136213121982554953912488696573","BIOS","2022-02-13"
1644710400,"186300.803201436180175907","547.706675225376703155","1603744.829394401391844247320221841","8.608362400136116173320656022675147","14","30002.79577496995802499","30002.79577496995802499","275179.3207979437237812034606576538","XFT","2022-02-13"
1644710400,"46.7","0","0","0","2","3.3","3.3","0","SONG","2022-02-13"
1644710400,"4239986.264335496722135967","374.1100620978295809723698109630276","1092757.217896553558651790955111706","0.2577265938543821497640535957038078","1","8115.757088475388288499","8115.757088475388288499","2091.646430962319376161407118752495","DOUGH","2022-02-13"
1644710400,"380052.08665959028618243","0","0","0","5","518379.913111550612368835","518379.913111550612368835","0","ROOM","2022-02-13"
1644710400,"8715461.860595058993375765","167.2951927628010885250835486923158","488573.2178102015269679869001138945","0.05605821304997869420313456632385483","1","5131.71","5131.71","287.6744924907061648291676853497891","VITE","2022-02-13"
1644710400,"128683.258342787927851895","19.19991703841047056","56436.68653489433626322062602294817","0.4385705433768054619988394199042197","2","6091.666346275513335818","6091.666346275513335818","2611.015050651714923088534855232374","ADX","2022-02-13"
1644710400,"175904.859720183966531283","104.298954747278773494","304522.3820715340897104254248486825","1.731176628979694291932970101994825","2","2769.320295339721944042","2769.320295339721944042","4759.68671577742283917047680248871","C98","2022-02-13"
1644710400,"72.067579337608985123","0","0","0","2","29.040776436105159749","29.040776436105159749","0","MAGIC","2022-02-13"
1644710400,"360.00294139286602062","261.893701646967964085","762793.7530442718187803025700990487","2118.854224059925086834226559330186","2","2","2","4228.552336296470022078496841369153","WGK","2022-02-13"
1644710400,"71.731421800994803645","41.261362855510365513","120492.1453175131543973064047375594","1679.76797743945060197587442093496","3","11.96","11.96","19295.15085488386874652443585430447","PHUNK","2022-02-13"
1644710400,"6466957.35888418","31.726775151096330454","92601.77687912527353736115670493255","0.01431921872067252105250651739966635","2","264981.75985825","264981.75985825","3728.349745206575763859904716708175","SWTH","2022-02-13"
1644710400,"9434.553477045554944242","0","0","0","4","112.043450360080632719","112.043450360080632719","0","YETI","2022-02-13"
1644710400,"136.731670019","111.0640767087231923774604016061616","326528.5367049230265931616141023509","2388.097334432828745812421276884242","40","35.341851886","29.03019139202950873195320805439212","84900.00654317115100484762571989928","Gaas","2022-02-13"
1644710400,"2103.957471333648225235","123.833205230719469071","364070.9922844635876308684926960357","173.0410415823128352645841000668432","4","21.468278794050230099","21.468278794050230099","3695.265053488300815507776766846245","SFI","2022-02-13"
1644710400,"6.384548502079010088","10.22870389371772379","29883.26031920062343558521883536697","4680.559683972906249379960826396383","1","0.06","0.06","280.833581038374374962797649583783","KINGZ","2022-02-13"
1644710400,"130914.480584225231867664","190.5767101576434814636012182987235","557463.9944115677323477815513387961","4.258230196719279703235057567019676","6","1467.897397698582701642","1467.897397698582701642","6254.019297730530685354587831711099","BAND","2022-02-13"
1644710400,"350963.302850139568987037","68.82201914010881571382636770629193","202567.1042524693972061148798272554","0.5771746008982740616230897855712753","8","99138.947541629909015183","99138.947541629909015183","57466.94115815443055657602092455927","RARE","2022-02-13"
1644710400,"347925.680717256102610466","1153.745750237281426133738056399211","3395867.727971443386916486402727684","9.76032502392692226697166713479157","36","12965.345747155525516232","43.29833954218351485039952048478244","126902.7658436667132914186345490117","QUARTZ","2022-02-13"
1644710400,"717009630.131837668191703365","1152.543197422255806567479293480956","3369792.241119600800622656692235129","0.004699786585153663691012559128947744","4","552677.103919324704862797","552677.103919324704862797","2587.241538702683516418266276806288","DOG","2022-02-13"
1644710400,"4580.273446278390077947","93.51607224159248783321828289009292","275249.7347934398864335967904693844","60.09460745560695154614923920554432","4","14.734812723664577918","14.734812723664577918","880.4458041666615486188603889993773","AXS","2022-02-13"
1644710400,"692782.849183070904322508","1443.735208841156238087819396068236","4244850.19730483844344554050642219","6.127244925751789467124440926429002","6","5765.540689583631183637","5765.540689583631183637","35124.76385507106175721958824540402","PERP","2022-02-13"
1644710400,"8104201.73199410641390163","0","0","0","1","25645.542612770125411801","0","0","CCM","2022-02-13"
1644710400,"9617.547244886650989012","14.292477024587312859","42010.57356592791737320334096048979","4.36811720246694136598261526066351","2","265.649102606394315611","265.649102606394315611","1166.237536812389622547281208202933","eSOV","2022-02-13"
1644710400,"37974.285017987561912128","1662.035389013115105671519898060412","4885504.008862612053471714161710919","128.6529557185463543897166092041502","24","1029.184358227634189341","1029.184358227634189341","131857.0038127759982318919472536757","COMP","2022-02-13"
1644710400,"200835.463347513091412124","333.5366376887386372903670312762798","978723.1702054565087113515376125026","4.87325870586877035050253272173726","12","10117.61620666309585766","10117.61620666309585766","48452.14125180002608884616324660785","SNX","2022-02-13"
1644710400,"321789.307406791980164057","321789.307406791980164057","947147904.7646702937670949064603709","2943.379046362554561590443408624081","4959","11097.97637610881227704","8329.383314224080370964983305251443","32447913.9040263428821191401860685","WETH","2022-02-13"
1644710400,"13172.332492761","0","0","0","75","2004.091107063","0","0","BTRFLY","2022-02-13"
1644710400,"321136.826465826381984415","64.05832908577048111152966097964989","187194.9283981633053912510075011236","0.5829133035232368840826695493818883","1","274.308986803754495242","0.05471740983816774911496172455703996","159.8983576838885251536826262478856","NAAL","2022-02-13"
1644710400,"316437.60314703254578341","42.949615115371562699","126032.6606457575463102656969118434","0.3982859792652283010406343230568597","3","1966.05202442052472668","0.2678010289772316786471105889716245","783.1919184210887471436744967701358","CREDS","2022-02-13"
1644710400,"105529.037342289995265285","631.3193593024615357020280618246834","1856412.099980583635673959870887883","17.59148142287317132183583769683827","32","6440.856286775471977066","38.10360835270918448788476493987105","111450.5893227329111937642720617493","ENS","2022-02-13"
1644710400,"34959.517318318698962683","0","0","0","1","1686","0","0","INVDR","2022-02-13"
1644710400,"49.339970909476246104","720.7117481287850372652556614294179","2103909.140180289911064306704299547","42641.06973310380773117945690680156","4","0.911389091648977899","13.22284803504833954912422873651902","38564.79594071157912558587272127706","ibBTC","2022-02-13"
1644710400,"312203.217262852436001522","252.0300912053447542532757117418935","741113.5232326045129418121144671292","2.373817700311014885511352509984981","4","1970.881541803264729108","1.594217918049879748165058231811339","4657.944119423004927497892832430017","yveCRV-DAO","2022-02-13"
1644710400,"1262356040630.926995111633467078","935.017694437788008848","2723366.984300406785936468982952613","0.000002157368362525729941941898634578999","3","222992805.427236329361974032","0.1651613614884462145487941141068167","481.4409073393910873489892724869546","BTT","2022-02-13"
1644710400,"1679816.288299896347490568","238.6384628380284730929012869629213","701469.9290468156131700051478116087","0.4175872885223403135519931920857193","10","52466.020430282598140476","7.372776697399425613344525885535539","21509.43027436807190426630142435111","GRT","2022-02-13"
1644710400,"135469.726702391332286196","91.43703413293889122967496285966394","268801.3320722143020840223305026707","1.984216980541597120942850983201764","1","234.678019649596878234","0.1583989472429629479198458205435249","465.6521115486047157376866932949905","SEEN","2022-02-13"
1644710400,"1.775437627505460252","0","0","0","1","0.082898050394283606","0","0","wsOHM","2022-02-13"
1644710400,"119494563.185805749550099234","97.89036482519776850941647384914026","287228.5289106203876282832604206518","0.00240369537536197330349703592698537","1","197108.43928882340156022","0.1614719240582172452902749352650738","473.788643963361092438588951467508","CRD","2022-02-13"
1644710400,"5850619.886044810770554082","317.949246844203150502","935833.2078527699286092522311760289","0.1599545391907899863953817327166981","14","116132.67836065963873593","6.415103767473627238100966576126736","18780.88568978518967420955327172237","PSP","2022-02-13"
1644710400,"652932.776389961","128.1759739943322930776052278171342","372913.5084863679365333617640633675","0.5711361444407672291689270850900332","1","9891.85210672","33.25640634163532844763865197977802","5649.594273610341532107788421409915","pONT","2022-02-13"
1644710400,"81517211.982417047327482502","127.7372419239391186","375607.891052698428022043869292097","0.004607712677093466125312739900732578","8","1756344.470234388390593466","2.735191500484484626456142970968675","8041.715105643401716472070663422315","CIG","2022-02-13"
1644710400,"192465.232943150492880347","411.234702988373218073105919313451","1202893.600625114876488319873563293","6.249926712636043360806011597963661","6","8616.824722683792715076","18.58751788534315333140157335902368","54373.94373506190809042179197115739","VEGA","2022-02-13"
1644710400,"373030.687491356640697973","5.832046447831918966","17027.8216147055097864386181072678","0.04564724079195241890052170672798712","3","17381.847941334832940651","0.2736767191022328024931528364178993","798.5879737472406410547734095153205","ROAR","2022-02-13"
1644710400,"1489374","16.606545763540019645","48823.9494315983994564559289088449","0.03278152393663270572499313732403339","82","2965259","33.6032058926718039153249041718869","98191.89281613382555754867166541151","SLP","2022-02-13"
1644710400,"344786.367787878467097328","231.258179430503387944","679902.4296209924075414657634606748","1.971952760148817861139707524816197","19","25868.977596545603290558","17.0505482913490180889309368637159","49825.89574204194454131409695079419","GODS","2022-02-13"
1644710400,"1131.950103381932941624","0","0","0","1","274.768055555555555555","0","0","$ZILLA","2022-02-13"
1644710400,"2.5014037","0","0","0","1","0","0","0","ETHi","2022-02-13"
1644710400,"21621.267153199384859873","238.5554603200295315390000000000001","696921.4429512615100297889284186378","32.23314517198106371764914002232923","4","768.485625579042620987","8.54522917867555163093533408787476","24985.62364806108095053346773493365","FOLD","2022-02-13"
1644710400,"71342.841570275433749729","117.79427645795349889","345645.4215991121999575771357131241","4.844850779578750167526867849363052","2","803.421456745097937902","1.325508977498641669906005443551148","3888.731023149363456135676403393543","OMG","2022-02-13"
1644710400,"162.547893669773718719","0","0","0","1","2.210601844332973876","0","0","LUNA","2022-02-13"
1644710400,"564392.123594859671637812","3801.057780556889650354769419323622","11153397.6155432949062190459371349","19.76178821295811043571704979815841","5","695.975913073785431022","4.69000575006034271143405719681882","13754.65693901822007485373821397033","RGT","2022-02-13"
1644710400,"128.771245047834217373","0","0","0","1","2","0","0","BAE","2022-02-13"
1644710400,"1289185.65713815998035833","176.4125019283992436411693096623534","516024.3758055698393105000046369817","0.4002715768270980120887820005464906","6","42336.135240790500149372","5.835539029263730301712738154591989","17036.283102509169512674186022241","CQT","2022-02-13"
1644710400,"511361.254781123","163.084144668447061105068995179609","478491.9788014427883796928206850007","0.9357220053878560153192884778688223","7","1218.446433082","0.3888425229135077093924423377475528","1139.477567322453475307155724759257","AMPL","2022-02-13"
1644710400,"382610.256981849423353103","363.460378456742787334","1068762.774624623956920547296028286","2.793345852919266602215659677341003","32","122368.713759621129690746","108.7803582762217451170017318068855","318868.1936183916934491105947644195","BRIBE","2022-02-13"
1644710400,"1274472.392107730056947818","1252.830932383957151780686759000306","3684044.003925564156616871250921279","2.890642454665393081625881184941091","130","150608.493073403058832448","147.7701839975031332808346423915754","432565.1361447164364578658902319035","CRV","2022-02-13"
1644710400,"2782098.540578670227561483","178.9011084717865880138601508967453","522742.1711676988324313136229434502","0.187894915849734653438588114176689","7","31563.899069253858804882","2.036216991883421569612109392425897","5964.759038225617180155171403677085","1ONE","2022-02-13"
1644710400,"3.310606803473518992","390.8348725484384649264780722033225","1143200.158740210888597972043557532","345314.3869398065657787319160097205","2","0.002269467446657558","0.2679938399894733902026487878921828","784.255071413861063130170895000742","GLYPH","2022-02-13"
1644710400,"1481114.128376193230618585","527.1664676041898138567713671877649","1550225.059732882587113734190927812","1.046661448994790518433603531326559","18","222207.147443254151472198","83.33851024287634651106091951998798","243231.0191262801069501614982690623","ENTR","2022-02-13"
1644710400,"4898866.807110824927866286","240.5514204407652055062403572169369","707659.5867240136403459591761777941","0.1444537307478595765904054999961283","1","8641.046587491314637615","0.4243054797282303463298729570184517","1248.231417129181184226307953496995","GMEE","2022-02-13"
1644710400,"1417.340015065514563869","12.34210065176232999835897997334891","36086.61555549612049330947589115536","25.4608034571210967038575142452908","1","90.755494","0.7902926818845487469071137800719593","2310.707795387932949180360410943404","MCN","2022-02-13"
1644710400,"591791.842060779025872566","60.84692723278103928300000000000001","177778.3048576961593345142931990294","0.3004068191251573986763594098331316","3","14456.769272001126452288","1.504577841836643056076805585766053","4397.636989140663031652367278165603","NODE","2022-02-13"
1644710400,"225611.431158889243783409","902.7134884192969426478584949799494","2654454.069916134235658657102421148","11.76560095506289660141980467926474","16","2273.717615424998667362","9.164616223639469162660397976805306","26812.85484653287614125509736293061","STANDARD","2022-02-13"
1644710400,"643373.728839838216386617","122.938646355080351583638790990775","358909.9446776154526957132806546488","0.5578560774074794046383274595374931","1","883.392445550000078848","0.1688024651737944044125894887579447","492.8058444859233791105460991674807","QUIDD","2022-02-13"
1644710400,"51050419.638322","17366.60140029250119525860584511504","51116490.66815154684605316336512813","1.001294230885811354429045684880095","344","1490565.177345","509.5910542373204319595901057937267","1490563.999746363012074560152060099","USDT","2022-02-13"
1644710400,"60553.223530166","197.2118100200542161966118278661287","576088.6618603074892188171825251426","9.513757125965647258348475326500205","3","1483.90737874","4.842314733920978614469003209592197","14122.43521789193264069036199598852","pWING","2022-02-13"
1644710400,"7778440.462305139889528744","28.346263100699622104","83323.00438979975871457249286597315","0.01071204501642569575557078080984166","3","96106.18333333329489086","0.3527008494553634171213225976799934","1030.572687552714530862573142147488","ZCAT","2022-02-13"
1644710400,"184770.48654841305961937","10175.85917499660268126669833521532","29922454.44508352664437727228953727","161.943906757226223093513275705645","53","2114.648973284903692052","117.1065906807922013318764130303839","342385.4600995963659955122958490503","ALCX","2022-02-13"
1644710400,"247.687182226949062154","24.13311917183516320763390264753169","70502.15747414191117074072475069978","284.6419295510523924060973249331005","2","1.211938096083893835","0.1182458359124807674871400148314555","345.7997619426292403562186406961064","AVASTR","2022-02-13"
1644710400,"76847.906609414802119224","7.252139115290292909","21277.35808784818347967333579411963","0.2768762224843929402946746947765026","1","329.668776682058603653","0.03111085175836078159867832436052724","91.27744555877930942240889738790005","COTI","2022-02-13"
1644710400,"149943.603607780550242348","286.723215583827329361134791502009","838687.7898135074839182686073764031","5.59335489900142766145514110027612","1","1186.424809261018066992","2.268689881894344752224562633618868","6636.095019176949787706818481204486","DVF","2022-02-13"
1644710400,"15853.427420703","0","0","0","11","479.003730129","0","0","LOBI","2022-02-13"
1644710400,"6331837662.494557394177757346","413.723804486075474388","1213988.626122867772154324276058197","0.0001917276927855715173922250219231546","7","51796331.360329283396718206","3.404172241742104453858025904196434","9976.290161126881015648392254894745","NFD","2022-02-13"
1644710400,"643192.26782691483862503","29.3033860996871278180182153025348","85957.72326150068194675748543997693","0.1336423454714666888365265430473426","3","20000","0.8928243353551570847860322021568396","2614.943621941742324853763101649515","PHTR","2022-02-13"
1644710400,"65747.29507363570915485","379.539970867188443576","1115918.642477244068333471383521515","16.97284490909377484012179803761682","49","9384.76253777269443114","54.1330894883791231458624203853824","158393.3432714614505231182151584052","BANANA","2022-02-13"
1644710400,"24588.108982659229101556","56.228836116042290746","165343.4599004828810740391407035129","6.724529325011996794830397459376906","15","3822.451504429885256047","9.085700680280647971271992168879495","26534.79725629702305757773423499459","INJ","2022-02-13"
1644710400,"58757.870984074841351304","12.414215223066500025","36262.22893680685090952551896806906","0.6171467469717378079368650247320179","3","885.018477055983503397","0.1865895503613852914278095877071321","545.0057724234792740633977773637071","ZRX","2022-02-13"
1644710400,"909972.721052221576717196","23.288191468907718","67740.72019769745796282689451125167","0.07444258342092647069766910053575857","1","2000","0.05118437274027086725407715738906638","148.8851668418529413953382010715171","UOP","2022-02-13"
1644710400,"280990.871499975902557551","91.62283536292722001165053456163084","269311.0313879504455943761964614502","0.9584333823740375188225613060228962","7","3361.115218553378288383","1.092387125067754790529930119615396","3205.503399861471232184136327712772","SUPER","2022-02-13"
1644710400,"12.785855196597062515","9.29930389592244698","27287.6894508206120911500041329136","2134.209173437471158618411464739767","3","0.213341933720772297","0.1546369247584586344196386918859353","450.6502346723516482253372320984564","NFTI","2022-02-13"
1644710400,"285320.932524556108034592","285.9834000418162861172391481189968","833043.9997681745259276715808106095","2.91967361944773787357071910378528","2","460.56717063309813048","0.461189908995928106790781782190394","1345.918936676018992015864465731535","RAIL","2022-02-13"
1644710400,"838168077096.225319626234039475","17.678744053372810978","51877.02752691270960715952292189577","0.0000000618933468650309889126623769578064","1","1895040985.540342409294374185","0.03997043727802688832348301311621531","117.2904290414985874489190357515988","dogep","2022-02-13"
1644710400,"104.734644091811560136","10.077613985865898751","29449.4345264636186713592629475046","281.1814064183759011665088346708132","1","1.8","0.1731967997013208863407167413019179","506.1265315530766220997159024074639","WAIFU","2022-02-13"
1644710400,"3087729.658873662393742237","11.44480239070750467","33653.75911087363806709440060135623","0.01089919223146945064977965331185258","85","3556496.042039621324903553","12.73053021393880096963245755577264","37241.42304624652424247357961986306","OG","2022-02-13"
1644710400,"12.06180599631614506","126.487283565180824092","369497.3100144078400750034101658169","30633.66382507377534403228947069623","1","0.0072","0.07550348943992680996717342428953122","220.5623795405311824770324841890128","AZUKI","2022-02-13"
1644710400,"23.627969802341574593","0","0","0","1","0","0","0","BERRY","2022-02-13"
1644710400,"31.168498891786261771","68.30421027041419288098843936944886","199478.4311042886414801209765527878","6400.001225495545960078962669399357","2","0.416557960733810126","0.9294107922155160135028505098508464","2727.699028446228227063451291001543","SAK3","2022-02-13"
1644710400,"1.01400215098426177","93.859175412225127726","273657.0327005132342780390688333489","269878.157985052083780425979678089","3","0.065585981753960148","6.13365171807050477344800504675872","17888.94655276490296416404622817478","BAYC","2022-02-13"
1644710400,"2088618.557414504654712675","192.3237946127418580621873518042211","561221.674874252122979580218993291","0.2687047248919338045355616698856207","6","127531.83356598032508987","12.31259153535143933860501369611027","35886.47568545799401690959256912587","PAD","2022-02-13"
1644710400,"1692377.274529274390877494","125.540067074502668702","365171.1026443620344918735139519782","0.2157740523583504196610590375249206","5","17282.48659218454036948","1.286823473144509714285600011582058","3766.439989220715873757653087771593","ID","2022-02-13"
1644710400,"26.833079561173308957","8.331268333300878941999999999999999","24267.12723355449118276667127686503","904.3735430452911311025757692073761","1","0.9","0.2794364874473962806736951320527843","813.9361887407620179923181922866386","FANG","2022-02-13"
1644710400,"3.8","0","0","0","1","0.2","0","0","BPRINT","2022-02-13"
1644710400,"5145539.55299288","83.79547059318955215908427037922003","245000.2110788070218778623290902723","0.04761409538408926389162226009404861","5","179648.21700893","2.933819523276261398040305115233595","8564.89244278287311938110222613519","ACH","2022-02-13"
1644710400,"905166.495068930328687391","0","0","0","12","217952.697819339223106064","0","0","FDT","2022-02-13"
1644710400,"74615.210052801725866206","0","0","0","1","4353.182720586898653508","0","0","WSTA","2022-02-13"
1644710400,"10919.07256976","112.1933615877962332407613623671716","327885.3062277631478827863572494455","30.02867726475509910694984794254495","3","162.91936044","1.667904762831918750040661942091284","4873.911017150090216024753893170859","ibETHv2","2022-02-13"
1644710400,"180695.481628523286526814","78.78251205840958681699999999999999","231621.7376270348778417312861548709","1.281834695253789564315238199529291","6","7047.774361789982323023","3.138782854338334637034250765761028","9222.014410620270330491301310356513","GOVI","2022-02-13"
1644710400,"53.293614828128242787","0","0","0","1","1.06","0","0","BONSAI","2022-02-13"
1644710400,"585823.262520093936341104","597.1702035410101876072711746210995","1755995.559563188003917010457368044","2.997483493586867867701593557660296","25","24400.475714873368884864","24.84234280443445242081679532888753","72734.86407442779124141301271655588","ICE","2022-02-13"
1644710400,"490906.321647750772203003","321.240149882824269841","944235.307120484730061705836072532","1.923453142650747150622636787278991","2","2983.785261796222718073","1.957831734089551120363352363843628","5731.46472310801345604113193983927","BICO","2022-02-13"
1644710400,"1357189.856777258186942744","545.592455847330719072","1604329.760792047934758580226186119","1.182096780918802810467496960719942","32","236178.750060582107832481","94.88436551812918525254601221493599","277328.892221686039823874761830095","WNCG","2022-02-13"
1644710400,"355.375381389296060541","0","0","0","1","132.629710619224508001","0","0","RIO","2022-02-13"
1644710400,"1435.231766274739293031","0","0","0","5","641.167765762596466015","0","0","RBIS","2022-02-13"
1644710400,"38.922788514623682966","27.772329840228835367","81132.37614531948757488770475138416","2084.444081256851321693777623551722","1","0","0","0","KGF","2022-02-13"
1644710400,"1329734.737852580985554893","1093.921519085607712600696568901669","3216706.591579006369698179213935213","2.419058854380039248020001873979891","67","209507.899231914885989669","169.473724066406061170519059382546","495487.6464988674092253111110183543","IMX","2022-02-13"
1644710400,"884.371602456159121841","0","0","0","2","58.606005805965059459","0","0","CoreDAO","2022-02-13"
1644710400,"13639.301199212717246956","0","0","0","1","407.260115607541994222","0","0","FRONT","2022-02-13"
1644710400,"290958.842677541140103353","2041.676541633641967935","6003494.427031782759946831262141969","20.63348331944402276452286509501126","21","16284.57663371345964767","113.1418726916328357360680841551379","330068.6962830458851156300336437937","ANY","2022-02-13"
1644710400,"37879.167621768405087434","0","0","0","1","461.8602","0","0","SHO","2022-02-13"
1644710400,"9005.388721973543917132","329.441221588043660201","959707.6842576327390263861065263921","106.5703784575011012822919736343745","3","123.726170273539762093","4.496906479235270737016516263248708","13181.56892596864322242330154758418","ROOK","2022-02-13"
1644710400,"1263307.475278784881677629","316.671844867754579375584379005434","924921.1396556210685570308049863869","0.7321425367577365107222737607681094","3","26793.558756099486311618","6.788578770026988900603443758523827","19827.78107487721287685404439860586","ibAUD","2022-02-13"
1644710400,"64677111576721.027699479070521548","24.147210792015220845","70589.59400059863946871271889440213","0.000000001091415375234624233855894592507401","1","82163080358.651681223918737101","0.03067560026066074582866483457794046","89.67404918007040893777267922665778","DOGEGF","2022-02-13"
1644710400,"32681363.845590419734213491","509.5903993081140457015368461982992","1495263.882555566754496773090512399","0.04575279935134400444003959162133611","6","3057269.47328236992100385","46.33637804747338241438105864314652","135366.8166468716736716323536132996","DIVER","2022-02-13"
1644710400,"33988.72808920958237809","101.518721843255269136","298512.0924399106620805470923409759","8.782679118100904682105008580073195","30","7685.300284987945444816","22.50886641896053009150971548340106","66169.75538135602851125166680950799","RARI","2022-02-13"
1644710400,"118.855542467193927034","7.53449218032662458","22146.28874639227462383431960123097","186.3294574799068575336765506611905","3","39.901069128104157456","2.243325328999341095793181060487287","6586.874795439069306161083094220307","DELTA rLP","2022-02-13"
1644710400,"3308.978565227020333956","0","0","0","24","13285.124553962579907123","0","0","ZUG","2022-02-13"
1644710400,"2661.776881167821392286","0","0","0","1","14.94626954404628193","0","0","cvxFXS","2022-02-13"
1644710400,"27086913.369257686659943514","286.1704306226764164174264174263884","836049.7637640558402056657359781975","0.03086544976043417217565676778960408","1","96961.116174459898630367","1.024384136761499103587796344120668","2992.748459998413215073859320447991","AMP","2022-02-13"
1644710400,"5321.298912776342199119","0.31306590568556401","914.8607899534340855941489851940009","0.1719243374501796766150165566848387","2","10593.736899418501867073","0.3129617088913993772995040815399765","914.5562995579969855786274898019154","COMBO","2022-02-13"
1644710400,"31515.3002134","0","0","0","1","3712.84","3712.84","0","VBTC","2022-02-13"
1644710400,"94637.343551230886387238","42.45794278832321859634478867767501","124057.2425628500580239241828756401","1.310869873431020730941443880421904","1","70","70","91.7608911401714511659010716295333","IDLE","2022-02-13"
1644710400,"2837482.80713223546990058","2412.27838218161954738","7044449.622937036250994730387927187","2.482640460492045942855777231849208","1","165.695071165802697485","165.695071165802697485","411.3612877803307326717337389034759","DELTA","2022-02-13"
1644710400,"1180397.282672235863760059","34.488577678677009031","100728.8696838795706507426390758523","0.08533471837197479461600182445339769","1","7631.851561625902998623","7631.851561625902998623","651.2619036680624710584561522098412","DTO","2022-02-13"
1644710400,"190680.76481345970913336","6.949711136751876194000000000000001","20295.33119820722134199895239656991","0.1064361747135945061464662414655618","1","530","0.0193168246733322077662279057772242","56.41117259820508825762710797674774","SWEETS","2022-02-13"
1644710400,"7.00184663928531952","17.142209156014651736","50055.53699845297341233659189092082","7148.905078498285464491719319613774","1","1.06","2.595135632280889776743754816153803","7577.839383208182592361222478790601","MFER","2022-02-13"
1644710400,"1122606.896376982523363338","140.191941809323724642","409454.378151868891143399128208274","0.3647353133793416964240143418098385","1","8062.462565172620605961","1.006846017447738503418824392155539","2940.664810317446902573127192160923","ONX","2022-02-13"
1644710400,"45.679711949898951384","10.252473632651971279","29931.56007727791719814220407336542","655.2484418051180190579719229360832","1","2","0.4488852138076869328331684205097986","1310.496883610236038115943845872166","PURR","2022-02-13"
