"symbol","model","eval_set","rmse","rsq","last_refreshed"
"1INCH","lm","holdout",0.51878011811896,0.841779057004663,"2022-02-28 13:57:17"
"1INCH","lm","test",0.716705573298493,0.801023790202699,"2022-02-28 13:57:17"
"1INCH","nnet","holdout",2.96277480535247,0.149977080329845,"2022-02-28 13:57:17"
"1INCH","nnet","test",2.17633756342157,0.255029945668263,"2022-02-28 13:57:17"
"1INCH","pcr","holdout",1.19895579289826,0.0832916231087116,"2022-02-28 13:57:17"
"1INCH","pcr","test",1.06676953936416,0.58747115616149,"2022-02-28 13:57:17"
"1INCH","rf","holdout",1.21943999466731,0.134963152390897,"2022-02-28 13:57:17"
"1INCH","rf","test",2.7497442168031,0.177829833819011,"2022-02-28 13:57:17"
"1INCH","xgb","holdout",3.90902972724206,0.0891696019155836,"2022-02-28 13:57:17"
"1INCH","xgb","test",3.40239106440371,0.158117513250706,"2022-02-28 13:57:17"
"ABBC","lm","holdout",0.996286637124046,0.47425820558431,"2022-02-28 13:57:17"
"ABBC","lm","test",1.79695853242835,0.733793174701527,"2022-02-28 13:57:17"
"ABBC","nnet","holdout",2.18985391815688,0.0157722792069341,"2022-02-28 13:57:17"
"ABBC","nnet","test",2.27549438596199,0.0518631602606781,"2022-02-28 13:57:17"
"ABBC","pcr","holdout",1.48314762413951,0.000200344651656425,"2022-02-28 13:57:17"
"ABBC","pcr","test",1.57333309977688,0.374394040652648,"2022-02-28 13:57:17"
"ABBC","rf","holdout",2.01572286088109,0.126027514674041,"2022-02-28 13:57:17"
"ABBC","rf","test",2.67466505187172,0.234502780065617,"2022-02-28 13:57:17"
"ABBC","xgb","holdout",1.46207627498184,0.0390509029080159,"2022-02-28 13:57:17"
"ABBC","xgb","test",3.75166197803902,0.305524644228414,"2022-02-28 13:57:17"
"ADA","lm","holdout",1.31491281939616,0.168755537781594,"2022-02-28 13:57:17"
"ADA","lm","test",0.746418671639666,0.693064558571447,"2022-02-28 13:57:17"
"ADA","nnet","holdout",2.7283673015669,0.106582858287539,"2022-02-28 13:57:17"
"ADA","nnet","test",2.01697546641718,0.25243712808993,"2022-02-28 13:57:17"
"ADA","pcr","holdout",1.12871699335536,0.137789604560453,"2022-02-28 13:57:17"
"ADA","pcr","test",0.983183274503659,0.478079408445488,"2022-02-28 13:57:17"
"ADA","rf","holdout",3.87266828723806,0.0125301735038753,"2022-02-28 13:57:17"
"ADA","rf","test",1.85348021577013,0.207316317414736,"2022-02-28 13:57:17"
"ADA","xgb","holdout",3.35728867332785,0.00027811585007444,"2022-02-28 13:57:17"
"ADA","xgb","test",2.33926142030054,0.16178343955887,"2022-02-28 13:57:17"
"ALCX","lm","holdout",11.4472587021518,0.0752924039689668,"2022-02-28 13:57:17"
"ALCX","lm","test",1348.79361523996,0.291730811261729,"2022-02-28 13:57:17"
"ALCX","nnet","holdout",8.01524170694323,0.000359771639898827,"2022-02-28 13:57:17"
"ALCX","nnet","test",3.91067998832202,0.233675648032532,"2022-02-28 13:57:17"
"ALCX","pcr","holdout",8.05159470470401,0.000448961266504394,"2022-02-28 13:57:17"
"ALCX","pcr","test",4.20842793938245,0.266478638450542,"2022-02-28 13:57:17"
"ALCX","rf","holdout",9.66581717535888,0.380930200455344,"2022-02-28 13:57:17"
"ALCX","rf","test",4.72108497518203,0.255032315194718,"2022-02-28 13:57:17"
"ALCX","xgb","holdout",8.26934116866774,0.543315257301527,"2022-02-28 13:57:17"
"ALCX","xgb","test",4.44247575889259,0.14056314165029,"2022-02-28 13:57:17"
"ALICE","lm","holdout",1.40459851352309,0.108373603252081,"2022-02-28 13:57:17"
"ALICE","lm","test",1.6457948582227,0.544669821991381,"2022-02-28 13:57:17"
"ALICE","nnet","holdout",1.46164718565259,0.008121275356998,"2022-02-28 13:57:17"
"ALICE","nnet","test",3.47478542857211,0.210936137186109,"2022-02-28 13:57:17"
"ALICE","pcr","holdout",1.34885863836655,0.131574079943556,"2022-02-28 13:57:17"
"ALICE","pcr","test",1.60770711216311,0.440979267963087,"2022-02-28 13:57:17"
"ALICE","rf","holdout",1.52233915221145,0.010736983472876,"2022-02-28 13:57:17"
"ALICE","rf","test",3.05389846106778,0.186702635964819,"2022-02-28 13:57:17"
"ALICE","xgb","holdout",3.07798989276696,0.000594775955244494,"2022-02-28 13:57:17"
"ALICE","xgb","test",2.52785324341875,0.251973680210514,"2022-02-28 13:57:17"
"ALPACA","lm","holdout",3.00153066430274,0.0999365220608744,"2022-02-28 13:57:17"
"ALPACA","lm","test",0.829883392999805,0.389369634628946,"2022-02-28 13:57:17"
"ALPACA","nnet","holdout",1.35761696813469,0.659356370343848,"2022-02-28 13:57:17"
"ALPACA","nnet","test",1.8141424017434,0.0348754613200161,"2022-02-28 13:57:17"
"ALPACA","pcr","holdout",1.32351585773774,0.668547805878711,"2022-02-28 13:57:17"
"ALPACA","pcr","test",1.06248975295724,0.0596031310809984,"2022-02-28 13:57:17"
"ALPACA","rf","holdout",11.2254798706203,0.423493989614207,"2022-02-28 13:57:17"
"ALPACA","rf","test",1.26185158714944,0.0358342266206912,"2022-02-28 13:57:17"
"ALPACA","xgb","holdout",12.5654659415256,0.0185183211459914,"2022-02-28 13:57:17"
"ALPACA","xgb","test",1.69506544936297,0.0795116366156843,"2022-02-28 13:57:17"
"AMB","lm","holdout",1.81694963593321,0.829667574604903,"2022-02-28 13:57:17"
"AMB","lm","test",2.03489053465092,0.579584029307119,"2022-02-28 13:57:17"
"AMB","nnet","holdout",2.96255239628826,0.000126814453956923,"2022-02-28 13:57:17"
"AMB","nnet","test",3.75310473396916,0.285738394455561,"2022-02-28 13:57:17"
"AMB","pcr","holdout",2.84857623551184,0.0759246725637944,"2022-02-28 13:57:17"
"AMB","pcr","test",3.23915470479064,0.202169084229251,"2022-02-28 13:57:17"
"AMB","rf","holdout",2.96738922105057,0.00000753050152887992,"2022-02-28 13:57:17"
"AMB","rf","test",5.69702179548809,0.298046800397723,"2022-02-28 13:57:17"
"AMB","xgb","holdout",3.0130212288134,0.00499182016908577,"2022-02-28 13:57:17"
"AMB","xgb","test",6.11582668885863,0.258711380651634,"2022-02-28 13:57:17"
"ANKR","lm","holdout",1.28969574031197,0.0204617738480843,"2022-02-28 13:57:17"
"ANKR","lm","test",1.90919021921985,0.625548316916917,"2022-02-28 13:57:17"
"ANKR","nnet","holdout",2.12920489642848,0.0138093560534526,"2022-02-28 13:57:17"
"ANKR","nnet","test",2.92987130365508,0.190838894034374,"2022-02-28 13:57:17"
"ANKR","pcr","holdout",1.18408539849439,0.0128827014198672,"2022-02-28 13:57:17"
"ANKR","pcr","test",1.45211481835716,0.483347639562995,"2022-02-28 13:57:17"
"ANKR","rf","holdout",1.37765612531143,0.00517820084313819,"2022-02-28 13:57:17"
"ANKR","rf","test",2.91227558806741,0.23839208327764,"2022-02-28 13:57:17"
"ANKR","xgb","holdout",4.80540365208062,0.000106782623572074,"2022-02-28 13:57:17"
"ANKR","xgb","test",2.14167927354145,0.232636581359339,"2022-02-28 13:57:17"
"APPC","lm","holdout",6.33179615179399,0.667245893181724,"2022-02-28 13:57:17"
"APPC","lm","test",9.91396117761327,0.314466427014133,"2022-02-28 13:57:17"
"APPC","nnet","holdout",9.54076271715275,0.0051680749752472,"2022-02-28 13:57:17"
"APPC","nnet","test",14.7461563477539,0.0921963854564985,"2022-02-28 13:57:17"
"APPC","pcr","holdout",5.29962780239494,0.0300819308784582,"2022-02-28 13:57:17"
"APPC","pcr","test",7.3034496460877,0.127684406028213,"2022-02-28 13:57:17"
"APPC","rf","holdout",5.23910105493188,0.0107729383048701,"2022-02-28 13:57:17"
"APPC","rf","test",4.79624669677537,0.304612918327263,"2022-02-28 13:57:17"
"APPC","xgb","holdout",7.46112193457651,0.0000490700910432686,"2022-02-28 13:57:17"
"APPC","xgb","test",5.76766633089475,0.195054317977788,"2022-02-28 13:57:17"
"ARDR","lm","holdout",0.811019837731644,0.851100823984416,"2022-02-28 13:57:17"
"ARDR","lm","test",4.51938739841146,0.498479388530339,"2022-02-28 13:57:17"
"ARDR","nnet","holdout",1.81521411671765,0.214209641441336,"2022-02-28 13:57:17"
"ARDR","nnet","test",1.42963071875384,0.195531136382986,"2022-02-28 13:57:17"
"ARDR","pcr","holdout",1.56330090245562,0.436312454292474,"2022-02-28 13:57:17"
"ARDR","pcr","test",1.25715947740888,0.354023082650714,"2022-02-28 13:57:17"
"ARDR","rf","holdout",3.47746850996271,0.409167060404661,"2022-02-28 13:57:17"
"ARDR","rf","test",3.97141112011304,0.142021240438621,"2022-02-28 13:57:17"
"ARDR","xgb","holdout",4.08627039611588,0.0816810275528512,"2022-02-28 13:57:17"
"ARDR","xgb","test",5.71312798309059,0.0848918970412817,"2022-02-28 13:57:17"
"ATA","lm","holdout",16.9201390604685,0.0550717889590434,"2022-02-28 13:57:17"
"ATA","lm","test",5.83385144550311,0.273616716648152,"2022-02-28 13:57:17"
"ATA","nnet","holdout",15.3244658073951,0.018215083078169,"2022-02-28 13:57:17"
"ATA","nnet","test",2.07146776903329,0.154531835951608,"2022-02-28 13:57:17"
"ATA","pcr","holdout",15.4211040874918,0.0124382305444843,"2022-02-28 13:57:17"
"ATA","pcr","test",1.41558630889849,0.317356367440905,"2022-02-28 13:57:17"
"ATA","rf","holdout",16.2201580098388,0.00443237768156693,"2022-02-28 13:57:17"
"ATA","rf","test",2.04642065881925,0.0743937795601643,"2022-02-28 13:57:17"
"ATA","xgb","holdout",21.0844109705984,0.00000496319756561318,"2022-02-28 13:57:17"
"ATA","xgb","test",2.95659724902656,0.0449984424073249,"2022-02-28 13:57:17"
"ATOM","lm","holdout",1.77161959011396,0.363325097464628,"2022-02-28 13:57:17"
"ATOM","lm","test",1.53675647086073,0.291713796014474,"2022-02-28 13:57:17"
"ATOM","nnet","holdout",2.01168252313136,0.145662286301487,"2022-02-28 13:57:17"
"ATOM","nnet","test",3.58890239274196,0.0901756414331048,"2022-02-28 13:57:17"
"ATOM","pcr","holdout",1.43289401227471,0.363418760930738,"2022-02-28 13:57:17"
"ATOM","pcr","test",1.32103917272966,0.112806633252588,"2022-02-28 13:57:17"
"ATOM","rf","holdout",2.86726150570268,0.293594790223228,"2022-02-28 13:57:17"
"ATOM","rf","test",1.55821322249198,0.0658810865545278,"2022-02-28 13:57:17"
"ATOM","xgb","holdout",3.4557914567174,0.00840880067596595,"2022-02-28 13:57:17"
"ATOM","xgb","test",3.26188651323996,0.0879705843200855,"2022-02-28 13:57:17"
"AVA","lm","holdout",1.72952499363215,0.368299652541011,"2022-02-28 13:57:17"
"AVA","lm","test",1.24388967935733,0.685435198226673,"2022-02-28 13:57:17"
"AVA","nnet","holdout",3.83626539147973,0.159766283608638,"2022-02-28 13:57:17"
"AVA","nnet","test",3.11682178160409,0.122673034876576,"2022-02-28 13:57:17"
"AVA","pcr","holdout",1.94487697667002,0.0762840571845234,"2022-02-28 13:57:17"
"AVA","pcr","test",2.07977610482341,0.244803152740197,"2022-02-28 13:57:17"
"AVA","rf","holdout",3.32148098891723,0.0319714352856847,"2022-02-28 13:57:17"
"AVA","rf","test",3.02228326938888,0.0394881089676448,"2022-02-28 13:57:17"
"AVA","xgb","holdout",3.25123954300909,0.00251231885349621,"2022-02-28 13:57:17"
"AVA","xgb","test",2.76879866083728,0.0398915732009765,"2022-02-28 13:57:17"
"BAKE","lm","holdout",1.14930781459467,0.0364366034805252,"2022-02-28 13:57:17"
"BAKE","lm","test",1.90201268149056,0.433107479187646,"2022-02-28 13:57:17"
"BAKE","nnet","holdout",1.78944077500382,0.0143943111556798,"2022-02-28 13:57:17"
"BAKE","nnet","test",2.56935541889839,0.239471237206621,"2022-02-28 13:57:17"
"BAKE","pcr","holdout",1.23300172683863,0.0703828746433392,"2022-02-28 13:57:17"
"BAKE","pcr","test",1.58172946270679,0.454969588306625,"2022-02-28 13:57:17"
"BAKE","rf","holdout",1.26699157488971,0.0162128993052781,"2022-02-28 13:57:17"
"BAKE","rf","test",2.46309082309947,0.288388671740643,"2022-02-28 13:57:17"
"BAKE","xgb","holdout",2.29373838168764,0.0277757182274769,"2022-02-28 13:57:17"
"BAKE","xgb","test",2.07338954881648,0.267683067580001,"2022-02-28 13:57:17"
"BAL","lm","holdout",0.970370651027322,0.429663487827178,"2022-02-28 13:57:17"
"BAL","lm","test",0.685945972313859,0.725168811231449,"2022-02-28 13:57:17"
"BAL","nnet","holdout",3.14996378977398,0.083408993882763,"2022-02-28 13:57:17"
"BAL","nnet","test",2.74932290781091,0.17326617843352,"2022-02-28 13:57:17"
"BAL","pcr","holdout",1.05828456338606,0.217183206100987,"2022-02-28 13:57:17"
"BAL","pcr","test",1.01961717012534,0.311464372251685,"2022-02-28 13:57:17"
"BAL","rf","holdout",1.17582487687222,0.0958438386252393,"2022-02-28 13:57:17"
"BAL","rf","test",1.32921335999649,0.169528316393677,"2022-02-28 13:57:17"
"BAL","xgb","holdout",3.95308576106978,0.294693008779774,"2022-02-28 13:57:17"
"BAL","xgb","test",1.53670721490291,0.090998699964303,"2022-02-28 13:57:17"
"BAT","lm","holdout",0.841121219674677,0.522088548445597,"2022-02-28 13:57:17"
"BAT","lm","test",0.784030890206982,0.634666303892661,"2022-02-28 13:57:17"
"BAT","nnet","holdout",2.15789471272849,0.0000196677248144442,"2022-02-28 13:57:17"
"BAT","nnet","test",2.01594514721806,0.138454488242157,"2022-02-28 13:57:17"
"BAT","pcr","holdout",1.26591541357178,0.0152924412629876,"2022-02-28 13:57:17"
"BAT","pcr","test",1.063153395825,0.349500795648179,"2022-02-28 13:57:17"
"BAT","rf","holdout",2.69642698041811,0.000555664155306868,"2022-02-28 13:57:17"
"BAT","rf","test",2.92503222357959,0.118926671811405,"2022-02-28 13:57:17"
"BAT","xgb","holdout",4.37440696005081,0.00261852071769965,"2022-02-28 13:57:17"
"BAT","xgb","test",2.75245977314651,0.0448479911342533,"2022-02-28 13:57:17"
"BCH","lm","holdout",0.794227798106958,0.30006402314074,"2022-02-28 13:57:17"
"BCH","lm","test",1.05410413598521,0.27888639312267,"2022-02-28 13:57:17"
"BCH","nnet","holdout",0.962148435831823,0.00253253971110532,"2022-02-28 13:57:17"
"BCH","nnet","test",2.06366743645424,0.0749747248930864,"2022-02-28 13:57:17"
"BCH","pcr","holdout",1.05295446681707,0.000785052903039566,"2022-02-28 13:57:17"
"BCH","pcr","test",0.96677222634887,0.208448424652937,"2022-02-28 13:57:17"
"BCH","rf","holdout",1.95531590636888,0.00244722829936569,"2022-02-28 13:57:17"
"BCH","rf","test",1.83966232689373,0.0804853051938218,"2022-02-28 13:57:17"
"BCH","xgb","holdout",2.30397758104866,0.00504497949878006,"2022-02-28 13:57:17"
"BCH","xgb","test",2.19064658898117,0.0459854266968782,"2022-02-28 13:57:17"
"BCUG","lm","holdout",2.0868509536639,0.400868231014543,"2022-02-28 13:57:17"
"BCUG","lm","test",0.420454368570564,0.49680910377537,"2022-02-28 13:57:17"
"BCUG","nnet","holdout",4.32773868144048,0.0373923648183477,"2022-02-28 13:57:17"
"BCUG","nnet","test",1.32652160896169,0.144567927439542,"2022-02-28 13:57:17"
"BCUG","pcr","holdout",1.72552189711929,0.223274217155054,"2022-02-28 13:57:17"
"BCUG","pcr","test",0.463911465994022,0.279785933272534,"2022-02-28 13:57:17"
"BCUG","rf","holdout",0.94647896390542,0.0666327181164712,"2022-02-28 13:57:17"
"BCUG","rf","test",0.658819273220472,0.00623402344247374,"2022-02-28 13:57:17"
"BCUG","xgb","holdout",0.893301533542617,0.246990975796728,"2022-02-28 13:57:17"
"BCUG","xgb","test",0.788801530503404,0.120655363522125,"2022-02-28 13:57:17"
"BICO","lm","holdout",12.7057422471201,0.0771894237676954,"2022-02-28 13:57:17"
"BICO","lm","test",2.01925818655006,0.218344817573514,"2022-02-28 13:57:17"
"BICO","nnet","holdout",13.8816100234808,0.00000679922647455142,"2022-02-28 13:57:17"
"BICO","nnet","test",3.7373510727508,0.125736632452772,"2022-02-28 13:57:17"
"BICO","pcr","holdout",13.0466671848572,0.0263218953421275,"2022-02-28 13:57:17"
"BICO","pcr","test",1.63757310874135,0.170118358152347,"2022-02-28 13:57:17"
"BICO","rf","holdout",14.83556743925,0.0709636706409999,"2022-02-28 13:57:17"
"BICO","rf","test",2.34896175030531,0.0504695101375975,"2022-02-28 13:57:17"
"BICO","xgb","holdout",18.6878770307373,0.028685147597196,"2022-02-28 13:57:17"
"BICO","xgb","test",3.56382849945652,0.0543806483792882,"2022-02-28 13:57:17"
"BNT","lm","holdout",0.402592511988842,0.818142580314968,"2022-02-28 13:57:17"
"BNT","lm","test",0.780911380021232,0.652071853910503,"2022-02-28 13:57:17"
"BNT","nnet","holdout",2.42295641881307,0.00120497053356645,"2022-02-28 13:57:17"
"BNT","nnet","test",2.2916860002956,0.260528511083955,"2022-02-28 13:57:17"
"BNT","pcr","holdout",0.9192936315685,0.0268713598935752,"2022-02-28 13:57:17"
"BNT","pcr","test",1.57361227898864,0.443405203301528,"2022-02-28 13:57:17"
"BNT","rf","holdout",2.28212331655265,0.0393706122822768,"2022-02-28 13:57:17"
"BNT","rf","test",2.97885397467356,0.270265182822546,"2022-02-28 13:57:17"
"BNT","xgb","holdout",2.0628808235464,0.0876783585639958,"2022-02-28 13:57:17"
"BNT","xgb","test",2.15249022616561,0.334048769622869,"2022-02-28 13:57:17"
"BRD","lm","holdout",2.77240527089804,0.449372925393975,"2022-02-28 13:57:17"
"BRD","lm","test",2.32920095091613,0.0315874734138556,"2022-02-28 13:57:17"
"BRD","nnet","holdout",4.66171869591983,0.0336883826790295,"2022-02-28 13:57:17"
"BRD","nnet","test",6.47399456004314,0.0726629771523282,"2022-02-28 13:57:17"
"BRD","pcr","holdout",3.35884292592828,0.0810649048847714,"2022-02-28 13:57:17"
"BRD","pcr","test",1.69255237733574,0.0117321512823121,"2022-02-28 13:57:17"
"BRD","rf","holdout",4.15843250314787,0.0562908834687957,"2022-02-28 13:57:17"
"BRD","rf","test",4.55094376456594,0.0191784238226771,"2022-02-28 13:57:17"
"BRD","xgb","holdout",5.47718542011253,0.104562443677718,"2022-02-28 13:57:17"
"BRD","xgb","test",4.75528128260248,0.0116409221988009,"2022-02-28 13:57:17"
"BSV","lm","holdout",0.648274455841823,0.32994521955301,"2022-02-28 13:57:17"
"BSV","lm","test",0.572622420940647,0.52245766159016,"2022-02-28 13:57:17"
"BSV","nnet","holdout",1.6684013660084,0.0000254875950376947,"2022-02-28 13:57:17"
"BSV","nnet","test",1.58066648551855,0.105077172858572,"2022-02-28 13:57:17"
"BSV","pcr","holdout",0.733199465447207,0.0685011817985752,"2022-02-28 13:57:17"
"BSV","pcr","test",0.726415563682525,0.240381572302494,"2022-02-28 13:57:17"
"BSV","rf","holdout",2.5221722455601,0.0151052189623233,"2022-02-28 13:57:17"
"BSV","rf","test",1.90644371161004,0.0723697186480849,"2022-02-28 13:57:17"
"BSV","xgb","holdout",2.34850762024564,0.0273164751135432,"2022-02-28 13:57:17"
"BSV","xgb","test",2.13902938015311,0.0615207789407915,"2022-02-28 13:57:17"
"BTC","lm","holdout",0.31127283819003,0.850798225817165,"2022-02-28 13:57:17"
"BTC","lm","test",0.486605702137129,0.610932325584312,"2022-02-28 13:57:17"
"BTC","nnet","holdout",1.77341675575016,0.0000793193981247594,"2022-02-28 13:57:17"
"BTC","nnet","test",1.34542201881153,0.103015517944276,"2022-02-28 13:57:17"
"BTC","pcr","holdout",0.791762894576213,0.0292452563739388,"2022-02-28 13:57:17"
"BTC","pcr","test",0.643390116265204,0.264530965327024,"2022-02-28 13:57:17"
"BTC","rf","holdout",0.830147263527059,0.000204876404338817,"2022-02-28 13:57:17"
"BTC","rf","test",0.971102675456704,0.105523375545933,"2022-02-28 13:57:17"
"BTC","xgb","holdout",1.5749932587881,0.0214029389397328,"2022-02-28 13:57:17"
"BTC","xgb","test",1.27728203305152,0.0962361601675956,"2022-02-28 13:57:17"
"BTG","lm","holdout",0.72822913407534,0.697046173709591,"2022-02-28 13:57:17"
"BTG","lm","test",0.657514465472925,0.698845062108728,"2022-02-28 13:57:17"
"BTG","nnet","holdout",2.17550550812595,0.154285358922792,"2022-02-28 13:57:17"
"BTG","nnet","test",1.9442309094161,0.184974388366323,"2022-02-28 13:57:17"
"BTG","pcr","holdout",1.03866636570658,0.395808457223654,"2022-02-28 13:57:17"
"BTG","pcr","test",0.966013407201755,0.358994240204071,"2022-02-28 13:57:17"
"BTG","rf","holdout",3.35648885228197,0.0756139723865902,"2022-02-28 13:57:17"
"BTG","rf","test",1.2900309544956,0.136199124365518,"2022-02-28 13:57:17"
"BTG","xgb","holdout",3.2556580600017,0.00175347115643812,"2022-02-28 13:57:17"
"BTG","xgb","test",1.70692461960822,0.146798463254558,"2022-02-28 13:57:17"
"BTRST","lm","holdout",0.688613317343362,0.290868059043674,"2022-02-28 13:57:17"
"BTRST","lm","test",1.59826928661416,0.520223708535964,"2022-02-28 13:57:17"
"BTRST","nnet","holdout",2.27763389045806,0.121266910721169,"2022-02-28 13:57:17"
"BTRST","nnet","test",4.09717802975445,0.319367663725638,"2022-02-28 13:57:17"
"BTRST","pcr","holdout",0.6474442657662,0.321499285417368,"2022-02-28 13:57:17"
"BTRST","pcr","test",1.54803883366916,0.608175856741598,"2022-02-28 13:57:17"
"BTRST","rf","holdout",1.14548984429568,0.0134962635918768,"2022-02-28 13:57:17"
"BTRST","rf","test",2.26227788862704,0.294922161768493,"2022-02-28 13:57:17"
"BTRST","xgb","holdout",0.819176530229773,0.00111672559651269,"2022-02-28 13:57:17"
"BTRST","xgb","test",2.49050120429437,0.0862918464123637,"2022-02-28 13:57:17"
"C20","lm","holdout",4.82087247612005,0.637800776773303,"2022-02-28 13:57:17"
"C20","lm","test",0.814921748166224,0.337427338312583,"2022-02-28 13:57:17"
"C20","nnet","holdout",6.87018855511445,0.00260826462723949,"2022-02-28 13:57:17"
"C20","nnet","test",1.66557367677056,0.0514142103318277,"2022-02-28 13:57:17"
"C20","pcr","holdout",6.35769554018867,0.070762388543653,"2022-02-28 13:57:17"
"C20","pcr","test",0.989755502778366,0.0519572546222234,"2022-02-28 13:57:17"
"C20","rf","holdout",4.01716294263653,0.623114770065936,"2022-02-28 13:57:17"
"C20","rf","test",1.61331667180776,0.0969401972881369,"2022-02-28 13:57:17"
"C20","xgb","holdout",6.76984274251167,0.000270184943702049,"2022-02-28 13:57:17"
"C20","xgb","test",1.92873720039927,0.0986142838132661,"2022-02-28 13:57:17"
"CELR","lm","holdout",0.861577141497221,0.586122217776188,"2022-02-28 13:57:17"
"CELR","lm","test",2.83498365590866,0.620293547299785,"2022-02-28 13:57:17"
"CELR","nnet","holdout",2.28447224594141,0.00342732288134888,"2022-02-28 13:57:17"
"CELR","nnet","test",4.70719415037663,0.265932257980843,"2022-02-28 13:57:17"
"CELR","pcr","holdout",1.42413899692857,0.017105086394195,"2022-02-28 13:57:17"
"CELR","pcr","test",3.90113605173846,0.449792155348866,"2022-02-28 13:57:17"
"CELR","rf","holdout",1.37552740158296,0.00344375304747719,"2022-02-28 13:57:17"
"CELR","rf","test",3.86045715388647,0.309120293578763,"2022-02-28 13:57:17"
"CELR","xgb","holdout",3.09979535113772,0.00154145619941205,"2022-02-28 13:57:17"
"CELR","xgb","test",5.19977378812257,0.169229659032207,"2022-02-28 13:57:17"
"CHZ","lm","holdout",1.00237967728211,0.719621807478289,"2022-02-28 13:57:17"
"CHZ","lm","test",0.711055352821654,0.702441964168431,"2022-02-28 13:57:17"
"CHZ","nnet","holdout",1.9933268895791,0.254532577402047,"2022-02-28 13:57:17"
"CHZ","nnet","test",1.76769550799403,0.249467588098944,"2022-02-28 13:57:17"
"CHZ","pcr","holdout",1.51364445577688,0.36821481568062,"2022-02-28 13:57:17"
"CHZ","pcr","test",1.0326704213658,0.44870449736529,"2022-02-28 13:57:17"
"CHZ","rf","holdout",1.5622174631185,0.271816157704174,"2022-02-28 13:57:17"
"CHZ","rf","test",1.77457604718605,0.0613427660827972,"2022-02-28 13:57:17"
"CHZ","xgb","holdout",2.98368094669733,0.00266910048105645,"2022-02-28 13:57:17"
"CHZ","xgb","test",1.80367463308208,0.0591700024245191,"2022-02-28 13:57:17"
"CKB","lm","holdout",1.09518191621113,0.345408170147913,"2022-02-28 13:57:17"
"CKB","lm","test",2.69887522494943,0.709605848121855,"2022-02-28 13:57:17"
"CKB","nnet","holdout",2.62892099001316,0.00687784744961491,"2022-02-28 13:57:17"
"CKB","nnet","test",5.2184329341677,0.0634929702570892,"2022-02-28 13:57:17"
"CKB","pcr","holdout",1.04681246024664,0.0357575873178559,"2022-02-28 13:57:17"
"CKB","pcr","test",3.93494725262025,0.494771579562846,"2022-02-28 13:57:17"
"CKB","rf","holdout",1.00451921820658,0.00800380771868044,"2022-02-28 13:57:17"
"CKB","rf","test",3.5863637193244,0.490554420545371,"2022-02-28 13:57:17"
"CKB","xgb","holdout",1.75134741269254,0.00474562730030958,"2022-02-28 13:57:17"
"CKB","xgb","test",4.02335741526962,0.458285138247906,"2022-02-28 13:57:17"
"CROOLD","lm","holdout",0.948955741404641,0.165375795906214,"2022-02-28 13:57:17"
"CROOLD","lm","test",0.788548573637294,0.583941599003528,"2022-02-28 13:57:17"
"CROOLD","nnet","holdout",1.51203624747945,0.0038825833946367,"2022-02-28 13:57:17"
"CROOLD","nnet","test",1.79347786607282,0.0780638109633084,"2022-02-28 13:57:17"
"CROOLD","pcr","holdout",0.904893268650669,0.0246220864243571,"2022-02-28 13:57:17"
"CROOLD","pcr","test",0.946181701218938,0.246917253517193,"2022-02-28 13:57:17"
"CROOLD","rf","holdout",2.17619985323886,0.000134550388481377,"2022-02-28 13:57:17"
"CROOLD","rf","test",1.39522669298575,0.0307953975752184,"2022-02-28 13:57:17"
"CROOLD","xgb","holdout",2.79488485390087,0.0533731637078573,"2022-02-28 13:57:17"
"CROOLD","xgb","test",1.67389313572212,0.0251321511843336,"2022-02-28 13:57:17"
"CRPT","lm","holdout",6.22528970048383,0.716134454421736,"2022-02-28 13:57:17"
"CRPT","lm","test",8.86553681506674,0.0813602535798691,"2022-02-28 13:57:17"
"CRPT","nnet","holdout",10.0991756989926,0.0457544433576694,"2022-02-28 13:57:17"
"CRPT","nnet","test",6.86535992587778,0.0472861533335408,"2022-02-28 13:57:17"
"CRPT","pcr","holdout",8.30865725402248,0.170099087552604,"2022-02-28 13:57:17"
"CRPT","pcr","test",3.9630979356317,0.0678984190305923,"2022-02-28 13:57:17"
"CRPT","rf","holdout",4.6456400977022,0.740473369381247,"2022-02-28 13:57:17"
"CRPT","rf","test",4.55457719351174,0.0403241093954683,"2022-02-28 13:57:17"
"CRPT","xgb","holdout",10.0172624705161,0.0342596024810394,"2022-02-28 13:57:17"
"CRPT","xgb","test",9.15743823114274,0.037682880253088,"2022-02-28 13:57:17"
"DASH","lm","holdout",1.16376433814642,0.121671255983381,"2022-02-28 13:57:17"
"DASH","lm","test",0.91935247777329,0.445365686403144,"2022-02-28 13:57:17"
"DASH","nnet","holdout",2.18896663092134,0.00000356944815531658,"2022-02-28 13:57:17"
"DASH","nnet","test",2.87201147067586,0.219933810959831,"2022-02-28 13:57:17"
"DASH","pcr","holdout",0.97397456784954,0.0626790870244572,"2022-02-28 13:57:17"
"DASH","pcr","test",1.14853777127582,0.272353430701836,"2022-02-28 13:57:17"
"DASH","rf","holdout",1.01153460849671,0.000026691276447133,"2022-02-28 13:57:17"
"DASH","rf","test",1.44426539366969,0.202968342751039,"2022-02-28 13:57:17"
"DASH","xgb","holdout",2.9974092996765,0.0325263586412395,"2022-02-28 13:57:17"
"DASH","xgb","test",2.00977924540705,0.169279873538357,"2022-02-28 13:57:17"
"DCR","lm","holdout",0.660363654347897,0.727784249801601,"2022-02-28 13:57:17"
"DCR","lm","test",0.983820569938262,0.696884181616453,"2022-02-28 13:57:17"
"DCR","nnet","holdout",1.39316087006488,0.242802722793134,"2022-02-28 13:57:17"
"DCR","nnet","test",2.61747995829862,0.103533872226661,"2022-02-28 13:57:17"
"DCR","pcr","holdout",1.04464813507049,0.323436216154557,"2022-02-28 13:57:17"
"DCR","pcr","test",1.87179758700107,0.295476296130388,"2022-02-28 13:57:17"
"DCR","rf","holdout",3.23703784576808,0.00620253874263252,"2022-02-28 13:57:17"
"DCR","rf","test",2.36355717493427,0.314758339781079,"2022-02-28 13:57:17"
"DCR","xgb","holdout",3.40001680342938,0.126115481116984,"2022-02-28 13:57:17"
"DCR","xgb","test",2.66276485478458,0.219717094694853,"2022-02-28 13:57:17"
"DDR","lm","holdout",10.4238271653299,0.18373063131877,"2022-02-28 13:57:17"
"DDR","lm","test",10.178321179317,0.277786118204298,"2022-02-28 13:57:17"
"DDR","nnet","holdout",24.8411421386775,0.99999999905645,"2022-02-28 13:57:17"
"DDR","nnet","test",11.4014696415336,0.118599460525197,"2022-02-28 13:57:17"
"DDR","pcr","holdout",4.25574635689853,0.988628373215172,"2022-02-28 13:57:17"
"DDR","pcr","test",5.6935040501388,0.292403015221206,"2022-02-28 13:57:17"
"DDR","rf","holdout",3.94060355438087,0.0343818641393284,"2022-02-28 13:57:17"
"DDR","rf","test",6.53390426465938,0.105195734233538,"2022-02-28 13:57:17"
"DDR","xgb","holdout",3.9172375232545,0.00167548966212502,"2022-02-28 13:57:17"
"DDR","xgb","test",8.09870134520648,0.0831928933049972,"2022-02-28 13:57:17"
"DGB","lm","holdout",1.14256392010602,0.295684185247719,"2022-02-28 13:57:17"
"DGB","lm","test",0.796631952308014,0.729196954273147,"2022-02-28 13:57:17"
"DGB","nnet","holdout",1.545836674046,0.013521487401093,"2022-02-28 13:57:17"
"DGB","nnet","test",1.43930708720222,0.207351580897318,"2022-02-28 13:57:17"
"DGB","pcr","holdout",1.30259543950412,0.00974882111635941,"2022-02-28 13:57:17"
"DGB","pcr","test",1.06337787903869,0.328021043873268,"2022-02-28 13:57:17"
"DGB","rf","holdout",1.62724456973434,0.00043826911464164,"2022-02-28 13:57:17"
"DGB","rf","test",2.10587159562122,0.0665004426442781,"2022-02-28 13:57:17"
"DGB","xgb","holdout",3.574681992901,0.021272081452103,"2022-02-28 13:57:17"
"DGB","xgb","test",1.65488681859616,0.133778040223425,"2022-02-28 13:57:17"
"DODO","lm","holdout",0.962952845855431,0.335415420827885,"2022-02-28 13:57:17"
"DODO","lm","test",0.854148185095594,0.600759173032408,"2022-02-28 13:57:17"
"DODO","nnet","holdout",2.10392793851401,0.0104854304438358,"2022-02-28 13:57:17"
"DODO","nnet","test",1.94963659035194,0.172458883831525,"2022-02-28 13:57:17"
"DODO","pcr","holdout",1.07519835640811,0.0964045795574035,"2022-02-28 13:57:17"
"DODO","pcr","test",1.05727624801524,0.205379660329325,"2022-02-28 13:57:17"
"DODO","rf","holdout",2.95170860525355,0.0117047197708054,"2022-02-28 13:57:17"
"DODO","rf","test",2.34777171759719,0.0635637413908993,"2022-02-28 13:57:17"
"DODO","xgb","holdout",3.16068659368395,0.0386153650734604,"2022-02-28 13:57:17"
"DODO","xgb","test",2.5264376539509,0.0737726016221445,"2022-02-28 13:57:17"
"DOT","lm","holdout",1.11352875537172,0.33311188344401,"2022-02-28 13:57:17"
"DOT","lm","test",1.43062831423318,0.445547619361753,"2022-02-28 13:57:17"
"DOT","nnet","holdout",1.33896003439326,0.0925056752764582,"2022-02-28 13:57:17"
"DOT","nnet","test",2.62317171723182,0.114356863132615,"2022-02-28 13:57:17"
"DOT","pcr","holdout",1.41211618243246,0.100549483885578,"2022-02-28 13:57:17"
"DOT","pcr","test",1.39554508457871,0.338934213848433,"2022-02-28 13:57:17"
"DOT","rf","holdout",1.85536922812791,0.19666172988463,"2022-02-28 13:57:17"
"DOT","rf","test",3.21862445653942,0.10670318353166,"2022-02-28 13:57:17"
"DOT","xgb","holdout",3.36223113641093,0.0115359626877328,"2022-02-28 13:57:17"
"DOT","xgb","test",2.58599805634535,0.164392204412605,"2022-02-28 13:57:17"
"DYDX","lm","holdout",0.810841183493807,0.619517682483829,"2022-02-28 13:57:17"
"DYDX","lm","test",1.59401034559064,0.372232447833248,"2022-02-28 13:57:17"
"DYDX","nnet","holdout",3.44299539249266,0.0051836681899316,"2022-02-28 13:57:17"
"DYDX","nnet","test",2.19012052765687,0.119235748626506,"2022-02-28 13:57:17"
"DYDX","pcr","holdout",1.45892920216605,0.0453667809272136,"2022-02-28 13:57:17"
"DYDX","pcr","test",1.12970105563728,0.20544883748647,"2022-02-28 13:57:17"
"DYDX","rf","holdout",1.30602015357494,0.0132496967613698,"2022-02-28 13:57:17"
"DYDX","rf","test",2.18992534354979,0.0623855171891953,"2022-02-28 13:57:17"
"DYDX","xgb","holdout",4.93567121202794,0.00879462713981471,"2022-02-28 13:57:17"
"DYDX","xgb","test",1.80634071536718,0.128963516578118,"2022-02-28 13:57:17"
"ENJ","lm","holdout",0.608719584493401,0.831632629768999,"2022-02-28 13:57:17"
"ENJ","lm","test",1.02216919000147,0.761578463297165,"2022-02-28 13:57:17"
"ENJ","nnet","holdout",3.33733585777146,0.0992825032069018,"2022-02-28 13:57:17"
"ENJ","nnet","test",2.51700274736805,0.182852032211683,"2022-02-28 13:57:17"
"ENJ","pcr","holdout",1.39682884851929,0.0646934545161273,"2022-02-28 13:57:17"
"ENJ","pcr","test",1.27136475095603,0.419174266108989,"2022-02-28 13:57:17"
"ENJ","rf","holdout",1.36035895712842,0.107103569566112,"2022-02-28 13:57:17"
"ENJ","rf","test",3.3930633412736,0.134962672125333,"2022-02-28 13:57:17"
"ENJ","xgb","holdout",4.42298081515929,0.0120858816638955,"2022-02-28 13:57:17"
"ENJ","xgb","test",2.82093130216408,0.109772956181924,"2022-02-28 13:57:17"
"EOS","lm","holdout",0.696170130093332,0.497307579915047,"2022-02-28 13:57:17"
"EOS","lm","test",0.496415396236271,0.745134325732944,"2022-02-28 13:57:17"
"EOS","nnet","holdout",2.17984689093391,0.069776612766512,"2022-02-28 13:57:17"
"EOS","nnet","test",1.94264292557204,0.19468250535974,"2022-02-28 13:57:17"
"EOS","pcr","holdout",0.917632064573724,0.128438510405721,"2022-02-28 13:57:17"
"EOS","pcr","test",0.828382092540869,0.395002767481607,"2022-02-28 13:57:17"
"EOS","rf","holdout",0.945429332474557,0.0738445344899767,"2022-02-28 13:57:17"
"EOS","rf","test",1.27667559047811,0.163671817071619,"2022-02-28 13:57:17"
"EOS","xgb","holdout",3.39889837896231,0.0886481014226951,"2022-02-28 13:57:17"
"EOS","xgb","test",1.51890448253666,0.136854318141115,"2022-02-28 13:57:17"
"ETC","lm","holdout",2.14246406659765,0.917463491500852,"2022-02-28 13:57:17"
"ETC","lm","test",2.36878690357499,0.607620910491935,"2022-02-28 13:57:17"
"ETC","nnet","holdout",3.37992458180574,NA,"2022-02-28 13:57:17"
"ETC","nnet","test",6.73278155421545,0.762738788784343,"2022-02-28 13:57:17"
"ETC","pcr","holdout",2.8499468355074,0.915557571971286,"2022-02-28 13:57:17"
"ETC","pcr","test",1.89041776633662,0.717323247274383,"2022-02-28 13:57:17"
"ETC","rf","holdout",3.24942768367271,0.563980577487163,"2022-02-28 13:57:17"
"ETC","rf","test",3.05066463708013,0.328022331815145,"2022-02-28 13:57:17"
"ETC","xgb","holdout",2.82465239589519,0.556986536172545,"2022-02-28 13:57:17"
"ETC","xgb","test",2.06133929757546,0.340440164311225,"2022-02-28 13:57:17"
"ETH","lm","holdout",0.312202295021276,0.959771836610053,"2022-02-28 13:57:17"
"ETH","lm","test",0.724005771654039,0.5206751532275,"2022-02-28 13:57:17"
"ETH","nnet","holdout",1.8909639067176,0.00991907243191368,"2022-02-28 13:57:17"
"ETH","nnet","test",1.9194786089228,0.143864298332507,"2022-02-28 13:57:17"
"ETH","pcr","holdout",1.10375123950898,0.0840078457657539,"2022-02-28 13:57:17"
"ETH","pcr","test",0.90890630080313,0.318136223638429,"2022-02-28 13:57:17"
"ETH","rf","holdout",4.67280118346933,0.0746823580942582,"2022-02-28 13:57:17"
"ETH","rf","test",1.509116858433,0.0330434977508383,"2022-02-28 13:57:17"
"ETH","xgb","holdout",4.25143507099699,0.0017049411117808,"2022-02-28 13:57:17"
"ETH","xgb","test",1.47130569032839,0.0957615029817144,"2022-02-28 13:57:17"
"FTT","lm","holdout",0.787327732249508,0.245873785319364,"2022-02-28 13:57:17"
"FTT","lm","test",2.17103920411324,0.234413044425491,"2022-02-28 13:57:17"
"FTT","nnet","holdout",1.15717112895714,0.168556870728715,"2022-02-28 13:57:17"
"FTT","nnet","test",2.28730452130058,0.216052233791714,"2022-02-28 13:57:17"
"FTT","pcr","holdout",0.840430422185734,0.231011005380242,"2022-02-28 13:57:17"
"FTT","pcr","test",1.43667098177699,0.41186206236834,"2022-02-28 13:57:17"
"FTT","rf","holdout",0.977556890774786,0.180516973801033,"2022-02-28 13:57:17"
"FTT","rf","test",1.98713794934059,0.0948326926990414,"2022-02-28 13:57:17"
"FTT","xgb","holdout",1.59158959801244,0.199695504843055,"2022-02-28 13:57:17"
"FTT","xgb","test",2.29539698724326,0.100638789495745,"2022-02-28 13:57:17"
"GAS","lm","holdout",1.22619918059625,0.000104834053287793,"2022-02-28 13:57:17"
"GAS","lm","test",1.64333880695734,0.448202263747959,"2022-02-28 13:57:17"
"GAS","nnet","holdout",1.12350827026322,0.0929310761268551,"2022-02-28 13:57:17"
"GAS","nnet","test",2.54417512863513,0.220490902996079,"2022-02-28 13:57:17"
"GAS","pcr","holdout",0.875090899458827,0.166845509694198,"2022-02-28 13:57:17"
"GAS","pcr","test",1.63643965300665,0.324209026586385,"2022-02-28 13:57:17"
"GAS","rf","holdout",1.43821546884425,0.106359657392758,"2022-02-28 13:57:17"
"GAS","rf","test",2.09385012288416,0.164860953498542,"2022-02-28 13:57:17"
"GAS","xgb","holdout",1.80688030856318,0.138403747706173,"2022-02-28 13:57:17"
"GAS","xgb","test",2.65950108072868,0.210178266730659,"2022-02-28 13:57:17"
"GODS","lm","holdout",2.32309012918698,0.289298988104897,"2022-02-28 13:57:17"
"GODS","lm","test",1.24355890897127,0.443095483998535,"2022-02-28 13:57:17"
"GODS","nnet","holdout",2.7970572619145,0.0145152237063307,"2022-02-28 13:57:17"
"GODS","nnet","test",2.7853331118144,0.263945586784136,"2022-02-28 13:57:17"
"GODS","pcr","holdout",2.45458003587738,0.0692401655995901,"2022-02-28 13:57:17"
"GODS","pcr","test",1.12813580118862,0.362275165730787,"2022-02-28 13:57:17"
"GODS","rf","holdout",2.53162333869523,0.0119883282116035,"2022-02-28 13:57:17"
"GODS","rf","test",1.65910663105147,0.24734195626417,"2022-02-28 13:57:17"
"GODS","xgb","holdout",4.0326766191579,0.00468779842133446,"2022-02-28 13:57:17"
"GODS","xgb","test",2.30531125889333,0.127702781214553,"2022-02-28 13:57:17"
"HT","lm","holdout",1.3787900230262,0.0594642972869251,"2022-02-28 13:57:17"
"HT","lm","test",0.432578480163426,0.594253331764734,"2022-02-28 13:57:17"
"HT","nnet","holdout",1.60465223517664,0.287359009687735,"2022-02-28 13:57:17"
"HT","nnet","test",1.14810513123944,0.159015351761396,"2022-02-28 13:57:17"
"HT","pcr","holdout",0.444635963988309,0.508769808035476,"2022-02-28 13:57:17"
"HT","pcr","test",0.610561424187573,0.177664392295461,"2022-02-28 13:57:17"
"HT","rf","holdout",0.588308138645752,0.317258980657302,"2022-02-28 13:57:17"
"HT","rf","test",0.697642161970127,0.141935805068949,"2022-02-28 13:57:17"
"HT","xgb","holdout",1.08302955917973,0.0162718591284842,"2022-02-28 13:57:17"
"HT","xgb","test",0.821683167312488,0.0644801210324406,"2022-02-28 13:57:17"
"ICP","lm","holdout",0.55458349706544,0.791853218253527,"2022-02-28 13:57:17"
"ICP","lm","test",0.911266769255288,0.533480857805069,"2022-02-28 13:57:17"
"ICP","nnet","holdout",2.94969842355827,0.0401301495454358,"2022-02-28 13:57:17"
"ICP","nnet","test",2.46124769998646,0.134521320430376,"2022-02-28 13:57:17"
"ICP","pcr","holdout",1.18273257727318,0.0686558175334543,"2022-02-28 13:57:17"
"ICP","pcr","test",1.16861123314203,0.274990895485479,"2022-02-28 13:57:17"
"ICP","rf","holdout",2.70622389965851,0.00294402629768462,"2022-02-28 13:57:17"
"ICP","rf","test",1.82897795626626,0.0389418026850238,"2022-02-28 13:57:17"
"ICP","xgb","holdout",4.70804974889459,0.142813791250995,"2022-02-28 13:57:17"
"ICP","xgb","test",2.71753724417292,0.0300883283863654,"2022-02-28 13:57:17"
"INJ","lm","holdout",1.46722793715861,0.000148566095962633,"2022-02-28 13:57:17"
"INJ","lm","test",3.79111587400224,0.412606568206134,"2022-02-28 13:57:17"
"INJ","nnet","holdout",1.99450609173381,0.03681601918714,"2022-02-28 13:57:17"
"INJ","nnet","test",3.78201706719413,0.362386220220554,"2022-02-28 13:57:17"
"INJ","pcr","holdout",1.46711434691064,0.0285323058898919,"2022-02-28 13:57:17"
"INJ","pcr","test",1.3281275126814,0.548680997849589,"2022-02-28 13:57:17"
"INJ","rf","holdout",1.43556495568989,0.0381080575876281,"2022-02-28 13:57:17"
"INJ","rf","test",2.98122326277271,0.114292651614099,"2022-02-28 13:57:17"
"INJ","xgb","holdout",3.22955065437655,0.0145947525702741,"2022-02-28 13:57:17"
"INJ","xgb","test",4.3239205240593,0.036225597918841,"2022-02-28 13:57:17"
"IOST","lm","holdout",0.511930111030957,0.895106915369179,"2022-02-28 13:57:17"
"IOST","lm","test",0.674582690108201,0.647667698590998,"2022-02-28 13:57:17"
"IOST","nnet","holdout",1.15893062053398,0.0110741537723282,"2022-02-28 13:57:17"
"IOST","nnet","test",1.24741303719246,0.189707068090575,"2022-02-28 13:57:17"
"IOST","pcr","holdout",1.16776093576042,0.0252654608359947,"2022-02-28 13:57:17"
"IOST","pcr","test",0.958692758650197,0.231558356546286,"2022-02-28 13:57:17"
"IOST","rf","holdout",2.25130586583287,0.0715622291568766,"2022-02-28 13:57:17"
"IOST","rf","test",1.87151317033326,0.195901509260564,"2022-02-28 13:57:17"
"IOST","xgb","holdout",4.99844665445405,0.00401623084441121,"2022-02-28 13:57:17"
"IOST","xgb","test",2.24573789655405,0.182847187311184,"2022-02-28 13:57:17"
"IOTA","lm","holdout",2.06363686814943,0.795461792102167,"2022-02-28 13:57:17"
"IOTA","lm","test",0.6751753245976,0.631176694679414,"2022-02-28 13:57:17"
"IOTA","nnet","holdout",9.57117588022832,0.271974692405071,"2022-02-28 13:57:17"
"IOTA","nnet","test",2.26913486264047,0.223509393984952,"2022-02-28 13:57:17"
"IOTA","pcr","holdout",2.75930220564148,0.632173918563926,"2022-02-28 13:57:17"
"IOTA","pcr","test",1.04124528601941,0.242152798829991,"2022-02-28 13:57:17"
"IOTA","rf","holdout",6.1158118231872,0.0222983063507289,"2022-02-28 13:57:17"
"IOTA","rf","test",1.89607172397961,0.254824917774216,"2022-02-28 13:57:17"
"IOTA","xgb","holdout",7.45863178272026,0.586926980099651,"2022-02-28 13:57:17"
"IOTA","xgb","test",2.13134232467739,0.16369183677953,"2022-02-28 13:57:17"
"JASMY","lm","holdout",4.1679596976067,0.812546323126964,"2022-02-28 13:57:17"
"JASMY","lm","test",3.19095490933813,0.148497627533702,"2022-02-28 13:57:17"
"JASMY","nnet","holdout",7.18519829530395,0.00111120806318919,"2022-02-28 13:57:17"
"JASMY","nnet","test",3.20769620435894,0.235427335210295,"2022-02-28 13:57:17"
"JASMY","pcr","holdout",7.00457287282736,0.0444066290891877,"2022-02-28 13:57:17"
"JASMY","pcr","test",3.00598506818229,0.3005962507796,"2022-02-28 13:57:17"
"JASMY","rf","holdout",6.71111111466543,0.160640493052714,"2022-02-28 13:57:17"
"JASMY","rf","test",3.06427440994345,0.080580032793796,"2022-02-28 13:57:17"
"JASMY","xgb","holdout",10.8066794878048,0.12306210267925,"2022-02-28 13:57:17"
"JASMY","xgb","test",3.40066538408592,0.0667896099606615,"2022-02-28 13:57:17"
"JST","lm","holdout",7.05599310126252,0.00917953133250226,"2022-02-28 13:57:17"
"JST","lm","test",1.45426448972182,0.212722466246099,"2022-02-28 13:57:17"
"JST","nnet","holdout",6.86467170335681,0.000204515528285732,"2022-02-28 13:57:17"
"JST","nnet","test",2.20916895149283,0.221446550180178,"2022-02-28 13:57:17"
"JST","pcr","holdout",7.01967764235288,0.0107940952674756,"2022-02-28 13:57:17"
"JST","pcr","test",1.60766499883427,0.227143234993025,"2022-02-28 13:57:17"
"JST","rf","holdout",7.33850878496037,0.0158313664600972,"2022-02-28 13:57:17"
"JST","rf","test",3.18382269655471,0.130614836246978,"2022-02-28 13:57:17"
"JST","xgb","holdout",7.72322276095955,0.00848878576489645,"2022-02-28 13:57:17"
"JST","xgb","test",1.93846587076149,0.0438882452661495,"2022-02-28 13:57:17"
"KLAY","lm","holdout",0.812709218565745,0.0311440900595287,"2022-02-28 13:57:17"
"KLAY","lm","test",1.36837846485778,0.131890383224622,"2022-02-28 13:57:17"
"KLAY","nnet","holdout",1.43861137741401,0.233119440711051,"2022-02-28 13:57:17"
"KLAY","nnet","test",1.60711591373766,0.149919829258815,"2022-02-28 13:57:17"
"KLAY","pcr","holdout",0.692483947771647,0.443662755760773,"2022-02-28 13:57:17"
"KLAY","pcr","test",1.3070554028839,0.152976488608075,"2022-02-28 13:57:17"
"KLAY","rf","holdout",0.707485915150389,0.243294439801168,"2022-02-28 13:57:17"
"KLAY","rf","test",1.70564292736523,0.153044035669931,"2022-02-28 13:57:17"
"KLAY","xgb","holdout",0.879043028036503,0.0000981278150378565,"2022-02-28 13:57:17"
"KLAY","xgb","test",2.57638059092182,0.0676301237916745,"2022-02-28 13:57:17"
"KMD","lm","holdout",1.53619203033793,0.093345562426423,"2022-02-28 13:57:17"
"KMD","lm","test",1.11483278505485,0.539826505563477,"2022-02-28 13:57:17"
"KMD","nnet","holdout",1.08583052932901,0.0902629768302031,"2022-02-28 13:57:17"
"KMD","nnet","test",1.98260687734571,0.0275284047450183,"2022-02-28 13:57:17"
"KMD","pcr","holdout",1.09004115914717,0.121196594017288,"2022-02-28 13:57:17"
"KMD","pcr","test",1.51251378967392,0.119927770081423,"2022-02-28 13:57:17"
"KMD","rf","holdout",2.39250958707595,0.154474323824438,"2022-02-28 13:57:17"
"KMD","rf","test",3.09730909489117,0.0849623032921964,"2022-02-28 13:57:17"
"KMD","xgb","holdout",2.88730883477419,0.0584306995437582,"2022-02-28 13:57:17"
"KMD","xgb","test",3.67410753970129,0.10565540211395,"2022-02-28 13:57:17"
"KNC","lm","holdout",1.67164268512491,0.328010937146047,"2022-02-28 13:57:17"
"KNC","lm","test",0.872217493159095,0.553579867951022,"2022-02-28 13:57:17"
"KNC","nnet","holdout",2.11880758177981,0.0708141290998663,"2022-02-28 13:57:17"
"KNC","nnet","test",1.53504155389379,0.115124223434254,"2022-02-28 13:57:17"
"KNC","pcr","holdout",1.18505376802467,0.209069733001101,"2022-02-28 13:57:17"
"KNC","pcr","test",1.18175144612091,0.0993388454034551,"2022-02-28 13:57:17"
"KNC","rf","holdout",2.45424924509366,0.174943909820734,"2022-02-28 13:57:17"
"KNC","rf","test",2.01717163536547,0.089139210443826,"2022-02-28 13:57:17"
"KNC","xgb","holdout",5.13587138388494,0.000547680312526975,"2022-02-28 13:57:17"
"KNC","xgb","test",2.42145985111931,0.0355262153656209,"2022-02-28 13:57:17"
"KRRX","lm","holdout",2.2976973174508,0.275826800917952,"2022-02-28 13:57:17"
"KRRX","lm","test",2.70595966824202,0.429487528633262,"2022-02-28 13:57:17"
"KRRX","nnet","holdout",3.96974543177748,0.112267632293452,"2022-02-28 13:57:17"
"KRRX","nnet","test",3.93715851500002,0.145088595853085,"2022-02-28 13:57:17"
"KRRX","pcr","holdout",2.17551426662183,0.279467439509115,"2022-02-28 13:57:17"
"KRRX","pcr","test",3.07912340885911,0.297496648097036,"2022-02-28 13:57:17"
"KRRX","rf","holdout",3.7490107154057,0.0709060321580439,"2022-02-28 13:57:17"
"KRRX","rf","test",5.39779354128354,0.156156429109007,"2022-02-28 13:57:17"
"KRRX","xgb","holdout",3.34655216112398,0.0248997899380318,"2022-02-28 13:57:17"
"KRRX","xgb","test",5.30688888649602,0.098299283976434,"2022-02-28 13:57:17"
"LAZIO","lm","holdout",4.91091776487845,0.867047834447862,"2022-02-28 13:57:17"
"LAZIO","lm","test",1.47699946232251,0.521407933612382,"2022-02-28 13:57:17"
"LAZIO","nnet","holdout",12.2629434620322,0.0314496410264561,"2022-02-28 13:57:17"
"LAZIO","nnet","test",3.10949466062527,0.190718147157241,"2022-02-28 13:57:17"
"LAZIO","pcr","holdout",10.0266057017218,0.117817795607246,"2022-02-28 13:57:17"
"LAZIO","pcr","test",1.72041795295219,0.37358053032179,"2022-02-28 13:57:17"
"LAZIO","rf","holdout",7.18144739231921,0.511508966280944,"2022-02-28 13:57:17"
"LAZIO","rf","test",2.49380725832946,0.103250048645787,"2022-02-28 13:57:17"
"LAZIO","xgb","holdout",4.92223959196829,0.779696239467092,"2022-02-28 13:57:17"
"LAZIO","xgb","test",2.84912042603623,0.0648686111050561,"2022-02-28 13:57:17"
"LEO","lm","holdout",2.28160128587776,0.527978842873008,"2022-02-28 13:57:17"
"LEO","lm","test",6.44079544433734,0.165323240504827,"2022-02-28 13:57:17"
"LEO","nnet","holdout",3.39541451123167,0.159201559320391,"2022-02-28 13:57:17"
"LEO","nnet","test",4.94151912149225,0.0362837495629477,"2022-02-28 13:57:17"
"LEO","pcr","holdout",2.61517199716225,0.429059083744665,"2022-02-28 13:57:17"
"LEO","pcr","test",3.87640166485775,0.136854248613036,"2022-02-28 13:57:17"
"LEO","rf","holdout",2.58367485946083,0.5890412312212,"2022-02-28 13:57:17"
"LEO","rf","test",5.30725143064273,0.0116897634276031,"2022-02-28 13:57:17"
"LEO","xgb","holdout",3.06490939245613,0.230740204267187,"2022-02-28 13:57:17"
"LEO","xgb","test",6.99567132730609,0.0399121812095089,"2022-02-28 13:57:17"
"LEVL","lm","holdout",9.83297315555107,0.00226759773898635,"2022-02-28 13:57:17"
"LEVL","lm","test",2.67481115903205,0.400893914568581,"2022-02-28 13:57:17"
"LEVL","nnet","holdout",9.62393133487376,0.00402663998862029,"2022-02-28 13:57:17"
"LEVL","nnet","test",4.18891190067672,0.308430922765726,"2022-02-28 13:57:17"
"LEVL","pcr","holdout",9.47128762921328,0.0113802545347452,"2022-02-28 13:57:17"
"LEVL","pcr","test",3.45292799388429,0.420094585152638,"2022-02-28 13:57:17"
"LEVL","rf","holdout",7.18474438999282,0.00389958531375325,"2022-02-28 13:57:17"
"LEVL","rf","test",3.5132075330656,0.248099992073036,"2022-02-28 13:57:17"
"LEVL","xgb","holdout",26.6513202669798,0.00241831146345488,"2022-02-28 13:57:17"
"LEVL","xgb","test",5.63312710065132,0.0870364426578406,"2022-02-28 13:57:17"
"LINA","lm","holdout",1.24847194016851,0.00941422589913092,"2022-02-28 13:57:17"
"LINA","lm","test",3.18498690571392,0.498871974649233,"2022-02-28 13:57:17"
"LINA","nnet","holdout",3.76551365319991,0.00606509211165353,"2022-02-28 13:57:17"
"LINA","nnet","test",3.19242291926913,0.233800914923057,"2022-02-28 13:57:17"
"LINA","pcr","holdout",1.15353910974137,0.0857290547968055,"2022-02-28 13:57:17"
"LINA","pcr","test",2.17402097420343,0.448992419116689,"2022-02-28 13:57:17"
"LINA","rf","holdout",2.3404020798622,0.0147578922376661,"2022-02-28 13:57:17"
"LINA","rf","test",1.99750385226894,0.286735637165102,"2022-02-28 13:57:17"
"LINA","xgb","holdout",2.87977896419198,0.106146191571395,"2022-02-28 13:57:17"
"LINA","xgb","test",2.30884221459418,0.221534430208017,"2022-02-28 13:57:17"
"LSK","lm","holdout",0.868742916207255,0.322110402699072,"2022-02-28 13:57:17"
"LSK","lm","test",0.992773226463229,0.341944482154664,"2022-02-28 13:57:17"
"LSK","nnet","holdout",1.6133168851434,0.0731389596541192,"2022-02-28 13:57:17"
"LSK","nnet","test",1.8240134019394,0.155048279906223,"2022-02-28 13:57:17"
"LSK","pcr","holdout",0.931902242594099,0.152018255680512,"2022-02-28 13:57:17"
"LSK","pcr","test",0.928685999988852,0.258829869819326,"2022-02-28 13:57:17"
"LSK","rf","holdout",3.14911110549136,0.0261787761276338,"2022-02-28 13:57:17"
"LSK","rf","test",1.31775827598962,0.0539238354026676,"2022-02-28 13:57:17"
"LSK","xgb","holdout",2.28217952288363,0.000180521291364904,"2022-02-28 13:57:17"
"LSK","xgb","test",1.6189514642686,0.019298495830683,"2022-02-28 13:57:17"
"LTC","lm","holdout",0.866714155233689,0.331256150892827,"2022-02-28 13:57:17"
"LTC","lm","test",0.816499642161671,0.670854472738592,"2022-02-28 13:57:17"
"LTC","nnet","holdout",2.32229931657564,0.0265110142079037,"2022-02-28 13:57:17"
"LTC","nnet","test",1.95488889363598,0.18958427276165,"2022-02-28 13:57:17"
"LTC","pcr","holdout",1.04564052677936,0.0342480089509871,"2022-02-28 13:57:17"
"LTC","pcr","test",0.89351099699341,0.361734881740692,"2022-02-28 13:57:17"
"LTC","rf","holdout",1.05837712787598,0.0254746812501207,"2022-02-28 13:57:17"
"LTC","rf","test",1.27138343189741,0.231078180844855,"2022-02-28 13:57:17"
"LTC","xgb","holdout",2.8903996721493,0.0596282742215646,"2022-02-28 13:57:17"
"LTC","xgb","test",1.66163839334265,0.0816310944828732,"2022-02-28 13:57:17"
"MAID","lm","holdout",1.95179944455905,0.86526946575428,"2022-02-28 13:57:17"
"MAID","lm","test",0.784569416974277,0.625631375625822,"2022-02-28 13:57:17"
"MAID","nnet","holdout",4.221119344805,0.00645794628227756,"2022-02-28 13:57:17"
"MAID","nnet","test",1.70060071785564,0.256625258590936,"2022-02-28 13:57:17"
"MAID","pcr","holdout",3.02470206453732,0.0525809356312487,"2022-02-28 13:57:17"
"MAID","pcr","test",1.00693798670011,0.30335649871597,"2022-02-28 13:57:17"
"MAID","rf","holdout",3.13211950692122,0.000000348469057816639,"2022-02-28 13:57:17"
"MAID","rf","test",1.76916818205321,0.239345278790831,"2022-02-28 13:57:17"
"MAID","xgb","holdout",4.51994169489589,0.134899498565635,"2022-02-28 13:57:17"
"MAID","xgb","test",2.25682607250011,0.134424991451607,"2022-02-28 13:57:17"
"MANA","lm","holdout",0.565741845467183,0.8324687541858,"2022-02-28 13:57:17"
"MANA","lm","test",0.913985887261915,0.707907575996707,"2022-02-28 13:57:17"
"MANA","nnet","holdout",2.47183720735409,0.00688061737325907,"2022-02-28 13:57:17"
"MANA","nnet","test",2.159712285492,0.162854681619532,"2022-02-28 13:57:17"
"MANA","pcr","holdout",1.32434275772424,0.0725912080997939,"2022-02-28 13:57:17"
"MANA","pcr","test",1.17248406524769,0.370489990184985,"2022-02-28 13:57:17"
"MANA","rf","holdout",3.51149995312465,0.192297007795386,"2022-02-28 13:57:17"
"MANA","rf","test",1.50256977357347,0.161741587637876,"2022-02-28 13:57:17"
"MANA","xgb","holdout",3.34330612304911,0.102394046002792,"2022-02-28 13:57:17"
"MANA","xgb","test",2.38849142515974,0.0218813154784875,"2022-02-28 13:57:17"
"MBL","lm","holdout",10.2555703135105,0.259351661706198,"2022-02-28 13:57:17"
"MBL","lm","test",20.7132686419702,0.331663547190263,"2022-02-28 13:57:17"
"MBL","nnet","holdout",11.9423641756431,0.0000131534961800924,"2022-02-28 13:57:17"
"MBL","nnet","test",10.4336903266173,0.426217828003496,"2022-02-28 13:57:17"
"MBL","pcr","holdout",11.7616583645641,0.0251842325709401,"2022-02-28 13:57:17"
"MBL","pcr","test",9.28731333908381,0.515725735741091,"2022-02-28 13:57:17"
"MBL","rf","holdout",16.0532698291886,0.000392418046034275,"2022-02-28 13:57:17"
"MBL","rf","test",9.93307727307338,0.461682218977613,"2022-02-28 13:57:17"
"MBL","xgb","holdout",17.8511872585739,0.0151459726817955,"2022-02-28 13:57:17"
"MBL","xgb","test",12.9255355939394,0.36219433448784,"2022-02-28 13:57:17"
"MC","lm","holdout",17.0748372290757,0.00000224246088077246,"2022-02-28 13:57:17"
"MC","lm","test",2.1912357201068,0.249983772009961,"2022-02-28 13:57:17"
"MC","nnet","holdout",7.58584228670804,0.0341233799054401,"2022-02-28 13:57:17"
"MC","nnet","test",3.91917185541689,0.233111925086768,"2022-02-28 13:57:17"
"MC","pcr","holdout",4.06491596896894,0.0374496803188061,"2022-02-28 13:57:17"
"MC","pcr","test",1.98380571718054,0.438226953964812,"2022-02-28 13:57:17"
"MC","rf","holdout",4.06491249406273,0.0374454741698802,"2022-02-28 13:57:17"
"MC","rf","test",3.51119719895015,0.297260566118721,"2022-02-28 13:57:17"
"MC","xgb","holdout",546.594028706388,0.00000000831246541445251,"2022-02-28 13:57:17"
"MC","xgb","test",3.41707458410945,0.186437202177443,"2022-02-28 13:57:17"
"MIR","lm","holdout",2.10106636255109,0.265801032076824,"2022-02-28 13:57:17"
"MIR","lm","test",1.39292650363897,0.630310235132086,"2022-02-28 13:57:17"
"MIR","nnet","holdout",2.52669097727944,0.0174564211100766,"2022-02-28 13:57:17"
"MIR","nnet","test",2.33615430566572,0.269955707068004,"2022-02-28 13:57:17"
"MIR","pcr","holdout",2.5466726062713,0.0509054046300625,"2022-02-28 13:57:17"
"MIR","pcr","test",1.47841224066689,0.621376719770538,"2022-02-28 13:57:17"
"MIR","rf","holdout",3.8082807291133,0.00202202510430032,"2022-02-28 13:57:17"
"MIR","rf","test",1.63273464966295,0.333289360652187,"2022-02-28 13:57:17"
"MIR","xgb","holdout",4.09677015308303,0.00101904963301757,"2022-02-28 13:57:17"
"MIR","xgb","test",1.51627673567199,0.291762953018884,"2022-02-28 13:57:17"
"MTLX","lm","holdout",1.2072211608591,0.32236716062496,"2022-02-28 13:57:17"
"MTLX","lm","test",1.52314973596616,0.221878951984359,"2022-02-28 13:57:17"
"MTLX","nnet","holdout",3.0025555976094,0.0492162712611642,"2022-02-28 13:57:17"
"MTLX","nnet","test",2.45662978756196,0.0470864295273363,"2022-02-28 13:57:17"
"MTLX","pcr","holdout",1.45250790756029,0.0012861351976311,"2022-02-28 13:57:17"
"MTLX","pcr","test",1.58288126447964,0.122744938838795,"2022-02-28 13:57:17"
"MTLX","rf","holdout",1.33838886072007,0.058611726094852,"2022-02-28 13:57:17"
"MTLX","rf","test",1.54498553462538,0.165365127763898,"2022-02-28 13:57:17"
"MTLX","xgb","holdout",2.48074698443375,0.609736685696685,"2022-02-28 13:57:17"
"MTLX","xgb","test",5.23477507728861,0.0408268488372833,"2022-02-28 13:57:17"
"NAV","lm","holdout",1.62428309489792,0.303571277118824,"2022-02-28 13:57:17"
"NAV","lm","test",4.07098287683761,0.593071313502597,"2022-02-28 13:57:17"
"NAV","nnet","holdout",1.55598856925307,0.362198060239716,"2022-02-28 13:57:17"
"NAV","nnet","test",7.53200543363731,0.0704254619675768,"2022-02-28 13:57:17"
"NAV","pcr","holdout",1.62133140967078,0.809988166612938,"2022-02-28 13:57:17"
"NAV","pcr","test",6.05450027465122,0.196933095391769,"2022-02-28 13:57:17"
"NAV","rf","holdout",1.82392838219911,0.0888499657265534,"2022-02-28 13:57:17"
"NAV","rf","test",4.04418899184643,0.177967003005232,"2022-02-28 13:57:17"
"NAV","xgb","holdout",1.9050172488326,0.0382368739743847,"2022-02-28 13:57:17"
"NAV","xgb","test",5.56849538446925,0.0552321233511968,"2022-02-28 13:57:17"
"NCT","lm","holdout",1.16947976945666,0.326727819549648,"2022-02-28 13:57:17"
"NCT","lm","test",11.2595045646503,0.238852816168434,"2022-02-28 13:57:17"
"NCT","nnet","holdout",3.25028812409005,0.0219444987423767,"2022-02-28 13:57:17"
"NCT","nnet","test",7.4832049549739,0.0351205159819598,"2022-02-28 13:57:17"
"NCT","pcr","holdout",1.19734481405773,0.116066918327406,"2022-02-28 13:57:17"
"NCT","pcr","test",7.09295173393954,0.0968402753482072,"2022-02-28 13:57:17"
"NCT","rf","holdout",1.69133308139491,0.000186377942312155,"2022-02-28 13:57:17"
"NCT","rf","test",9.09582036682331,0.00546498203182921,"2022-02-28 13:57:17"
"NCT","xgb","holdout",3.31426021629982,0.0100633476240733,"2022-02-28 13:57:17"
"NCT","xgb","test",10.9210136619885,0.0158453050452131,"2022-02-28 13:57:17"
"NEAR","lm","holdout",0.752838225235951,0.625248454958254,"2022-02-28 13:57:17"
"NEAR","lm","test",1.73234988989666,0.592096129086485,"2022-02-28 13:57:17"
"NEAR","nnet","holdout",3.14131758992453,0.000457899758091312,"2022-02-28 13:57:17"
"NEAR","nnet","test",3.22963073888747,0.190210625445845,"2022-02-28 13:57:17"
"NEAR","pcr","holdout",1.337101268948,0.0116714557172929,"2022-02-28 13:57:17"
"NEAR","pcr","test",1.66771875128973,0.231137844666076,"2022-02-28 13:57:17"
"NEAR","rf","holdout",1.22984565657164,0.0011947504944196,"2022-02-28 13:57:17"
"NEAR","rf","test",3.40850304791196,0.0176915225584488,"2022-02-28 13:57:17"
"NEAR","xgb","holdout",4.2091027105466,0.174063351620455,"2022-02-28 13:57:17"
"NEAR","xgb","test",3.01508664880473,0.0131992800849698,"2022-02-28 13:57:17"
"NEXO","lm","holdout",0.82736043590912,0.573519622814616,"2022-02-28 13:57:17"
"NEXO","lm","test",1.16746488119902,0.415560417091733,"2022-02-28 13:57:17"
"NEXO","nnet","holdout",1.79733220460567,0.0277252320229629,"2022-02-28 13:57:17"
"NEXO","nnet","test",2.12663283357308,0.0914153316310847,"2022-02-28 13:57:17"
"NEXO","pcr","holdout",1.17740000599941,0.132641940493039,"2022-02-28 13:57:17"
"NEXO","pcr","test",1.21610989083557,0.195760359438772,"2022-02-28 13:57:17"
"NEXO","rf","holdout",3.64751667937365,0.15517756017448,"2022-02-28 13:57:17"
"NEXO","rf","test",2.45856928069455,0.125597819416193,"2022-02-28 13:57:17"
"NEXO","xgb","holdout",2.67457635292836,0.266587572462603,"2022-02-28 13:57:17"
"NEXO","xgb","test",2.47446048538055,0.0433866940985047,"2022-02-28 13:57:17"
"NMR","lm","holdout",0.786358602294109,0.243646781550584,"2022-02-28 13:57:17"
"NMR","lm","test",1.3071285446001,0.46642918809434,"2022-02-28 13:57:17"
"NMR","nnet","holdout",0.926682130748684,0.0688971691368662,"2022-02-28 13:57:17"
"NMR","nnet","test",2.60053614596228,0.116508893273729,"2022-02-28 13:57:17"
"NMR","pcr","holdout",0.906508926659514,0.0360522078033221,"2022-02-28 13:57:17"
"NMR","pcr","test",1.47124481340229,0.327490016143203,"2022-02-28 13:57:17"
"NMR","rf","holdout",1.14539120201986,0.0294129589689979,"2022-02-28 13:57:17"
"NMR","rf","test",1.38210091192306,0.120440714610761,"2022-02-28 13:57:17"
"NMR","xgb","holdout",1.76986308106539,0.142742673053522,"2022-02-28 13:57:17"
"NMR","xgb","test",3.60867621667107,0.120404425241678,"2022-02-28 13:57:17"
"NU","lm","holdout",1.7251117853935,0.934659493854791,"2022-02-28 13:57:17"
"NU","lm","test",1.17423349080056,0.487845953295761,"2022-02-28 13:57:17"
"NU","nnet","holdout",3.74070283192479,0.169972690885592,"2022-02-28 13:57:17"
"NU","nnet","test",2.47283790242276,0.156033394337438,"2022-02-28 13:57:17"
"NU","pcr","holdout",3.11714804270469,0.484777507622844,"2022-02-28 13:57:17"
"NU","pcr","test",1.23201376406244,0.191757099295701,"2022-02-28 13:57:17"
"NU","rf","holdout",2.88634332464614,0.472387558708247,"2022-02-28 13:57:17"
"NU","rf","test",2.38045946999464,0.0625641308819003,"2022-02-28 13:57:17"
"NU","xgb","holdout",3.06995330853353,0.405253344665636,"2022-02-28 13:57:17"
"NU","xgb","test",3.68417795668287,0.0096378607798757,"2022-02-28 13:57:17"
"NXT","lm","holdout",0.298548533814315,NA,"2022-02-28 13:57:17"
"NXT","lm","test",6.60250502581106,0.386899399789206,"2022-02-28 13:57:17"
"NXT","nnet","holdout",1.38791438290496,NA,"2022-02-28 13:57:17"
"NXT","nnet","test",8.03263040146611,0.130202499878841,"2022-02-28 13:57:17"
"NXT","pcr","holdout",1.4218327501018,NA,"2022-02-28 13:57:17"
"NXT","pcr","test",7.30666620523467,0.310497170311984,"2022-02-28 13:57:17"
"NXT","rf","holdout",4.19527242792473,0.0162556094208148,"2022-02-28 13:57:17"
"NXT","rf","test",6.84965024868832,0.113636784515386,"2022-02-28 13:57:17"
"NXT","xgb","holdout",3.95835701385693,0.153746718102495,"2022-02-28 13:57:17"
"NXT","xgb","test",6.79805977684612,0.10271680994814,"2022-02-28 13:57:17"
"OAX","lm","holdout",3.84861542152807,0.4641781601268,"2022-02-28 13:57:17"
"OAX","lm","test",40.7840942123414,0.260762456437579,"2022-02-28 13:57:17"
"OAX","nnet","holdout",7.44270244527294,0.0151657573646902,"2022-02-28 13:57:17"
"OAX","nnet","test",2.51452434166744,0.0488283171258893,"2022-02-28 13:57:17"
"OAX","pcr","holdout",4.78175102132517,0.0948310887091786,"2022-02-28 13:57:17"
"OAX","pcr","test",3.42584144588987,0.086726858568589,"2022-02-28 13:57:17"
"OAX","rf","holdout",4.91152328197536,0.0165603867026573,"2022-02-28 13:57:17"
"OAX","rf","test",7.78864176885597,0.201170355792992,"2022-02-28 13:57:17"
"OAX","xgb","holdout",9.92544065234511,0.000567230886512675,"2022-02-28 13:57:17"
"OAX","xgb","test",8.35106166941815,0.214721936279731,"2022-02-28 13:57:17"
"ORN","lm","holdout",0.77492897115264,0.469409317365908,"2022-02-28 13:57:17"
"ORN","lm","test",4.2732397785037,0.508889055437545,"2022-02-28 13:57:17"
"ORN","nnet","holdout",2.80479815464472,0.00267494661488587,"2022-02-28 13:57:17"
"ORN","nnet","test",6.84644747430444,0.303022217734132,"2022-02-28 13:57:17"
"ORN","pcr","holdout",1.0536324292754,0.0519879778606959,"2022-02-28 13:57:17"
"ORN","pcr","test",4.96364235467518,0.44523801841158,"2022-02-28 13:57:17"
"ORN","rf","holdout",1.07653460224974,0.00171619206040923,"2022-02-28 13:57:17"
"ORN","rf","test",8.69984203274546,0.0224510948864661,"2022-02-28 13:57:17"
"ORN","xgb","holdout",2.45675926467683,0.0585328244362639,"2022-02-28 13:57:17"
"ORN","xgb","test",7.50563250311332,0.244106272559385,"2022-02-28 13:57:17"
"PERP","lm","holdout",0.97407056421418,0.928549126547892,"2022-02-28 13:57:17"
"PERP","lm","test",0.843182685143908,0.589824058865182,"2022-02-28 13:57:17"
"PERP","nnet","holdout",4.52399216059305,0.390627183439572,"2022-02-28 13:57:17"
"PERP","nnet","test",1.88430553546884,0.119421345755093,"2022-02-28 13:57:17"
"PERP","pcr","holdout",1.11026739697919,0.832229406595769,"2022-02-28 13:57:17"
"PERP","pcr","test",1.02974077774042,0.130075077083248,"2022-02-28 13:57:17"
"PERP","rf","holdout",2.52110757390662,0.45236502444644,"2022-02-28 13:57:17"
"PERP","rf","test",1.80141486171323,0.192881525372063,"2022-02-28 13:57:17"
"PERP","xgb","holdout",2.39650291646997,0.339713628376464,"2022-02-28 13:57:17"
"PERP","xgb","test",2.02450738991198,0.0219065910735472,"2022-02-28 13:57:17"
"PLC","lm","holdout",0.91296019927311,1,"2022-02-28 13:57:17"
"PLC","lm","test",10.374994921153,0.21308234764469,"2022-02-28 13:57:17"
"PLC","nnet","holdout",2.15738422576664,1,"2022-02-28 13:57:17"
"PLC","nnet","test",5.03626559861206,0.205172018454323,"2022-02-28 13:57:17"
"PLC","pcr","holdout",1.71277354197016,1,"2022-02-28 13:57:17"
"PLC","pcr","test",4.48791678929644,0.26902830273529,"2022-02-28 13:57:17"
"PLC","rf","holdout",13.2391200121605,0.145202450849214,"2022-02-28 13:57:17"
"PLC","rf","test",3.79257906981724,0.168454982336373,"2022-02-28 13:57:17"
"PLC","xgb","holdout",4.25840766213187,0.0861177686919013,"2022-02-28 13:57:17"
"PLC","xgb","test",7.47904451829048,0.0708876226284236,"2022-02-28 13:57:17"
"QTUM","lm","holdout",1.20718080054537,0.0414239506665237,"2022-02-28 13:57:17"
"QTUM","lm","test",1.50868255524013,0.481687312050193,"2022-02-28 13:57:17"
"QTUM","nnet","holdout",1.8052248485758,0.00923144307391912,"2022-02-28 13:57:17"
"QTUM","nnet","test",2.47429197771855,0.210046245199772,"2022-02-28 13:57:17"
"QTUM","pcr","holdout",1.09752028912917,0.0131693401408387,"2022-02-28 13:57:17"
"QTUM","pcr","test",1.44411762977236,0.464415042720609,"2022-02-28 13:57:17"
"QTUM","rf","holdout",3.80604133945415,0.00604752376838161,"2022-02-28 13:57:17"
"QTUM","rf","test",2.58390025854542,0.0437987757933752,"2022-02-28 13:57:17"
"QTUM","xgb","holdout",4.02592854710929,0.163559779578464,"2022-02-28 13:57:17"
"QTUM","xgb","test",3.55013974513091,0.103494180145473,"2022-02-28 13:57:17"
"RCN","lm","holdout",2.06696376695094,0.9992896278674,"2022-02-28 13:57:17"
"RCN","lm","test",6.19361727364005,0.790229395318443,"2022-02-28 13:57:17"
"RCN","nnet","holdout",29.157760186674,0.0000000111633425147043,"2022-02-28 13:57:17"
"RCN","nnet","test",16.9695329569553,0.124560795606628,"2022-02-28 13:57:17"
"RCN","pcr","holdout",2.28719101978942,0.998389489427076,"2022-02-28 13:57:17"
"RCN","pcr","test",10.0417556913032,0.610098957333706,"2022-02-28 13:57:17"
"RCN","rf","holdout",2.29857958552473,0.997521493799928,"2022-02-28 13:57:17"
"RCN","rf","test",6.70800906033958,0.751207012883886,"2022-02-28 13:57:17"
"RCN","xgb","holdout",1.21496481307468,0.999107735740428,"2022-02-28 13:57:17"
"RCN","xgb","test",5.61146620304071,0.676620124193285,"2022-02-28 13:57:17"
"REN","lm","holdout",1.24233047134164,0.354549030294288,"2022-02-28 13:57:17"
"REN","lm","test",1.94873517412533,0.551691395911969,"2022-02-28 13:57:17"
"REN","nnet","holdout",1.71421884611317,0.0134104526506422,"2022-02-28 13:57:17"
"REN","nnet","test",2.36257786576912,0.132549543111869,"2022-02-28 13:57:17"
"REN","pcr","holdout",1.77645101728841,0.0196510281127496,"2022-02-28 13:57:17"
"REN","pcr","test",1.81987290113064,0.285552233032566,"2022-02-28 13:57:17"
"REN","rf","holdout",2.38267591282887,0.0783625755322383,"2022-02-28 13:57:17"
"REN","rf","test",2.27958697106693,0.0961412828054996,"2022-02-28 13:57:17"
"REN","xgb","holdout",2.81398874235433,0.0684421864433275,"2022-02-28 13:57:17"
"REN","xgb","test",2.73730579788499,0.0400247395211623,"2022-02-28 13:57:17"
"RGT","lm","holdout",5.01069039284272,0.577776698606743,"2022-02-28 13:57:17"
"RGT","lm","test",1.43779804934408,0.395072584982058,"2022-02-28 13:57:17"
"RGT","nnet","holdout",6.92440408101793,0.0161936305650737,"2022-02-28 13:57:17"
"RGT","nnet","test",3.15250119584578,0.199637343324277,"2022-02-28 13:57:17"
"RGT","pcr","holdout",6.83836094174852,0.00330708130355561,"2022-02-28 13:57:17"
"RGT","pcr","test",1.13399051499043,0.366645487779108,"2022-02-28 13:57:17"
"RGT","rf","holdout",6.67646559073248,0.0145147423797663,"2022-02-28 13:57:17"
"RGT","rf","test",1.71296486326019,0.1681637445591,"2022-02-28 13:57:17"
"RGT","xgb","holdout",7.87269190211633,0.000423032566453525,"2022-02-28 13:57:17"
"RGT","xgb","test",3.03558889880474,0.0665696465718842,"2022-02-28 13:57:17"
"RIF","lm","holdout",6.30243993867933,0.0000160467242083256,"2022-02-28 13:57:17"
"RIF","lm","test",1.17766235016794,0.331193530509736,"2022-02-28 13:57:17"
"RIF","nnet","holdout",0.874575594888186,0.141085984905283,"2022-02-28 13:57:17"
"RIF","nnet","test",1.49917995682289,0.175794617423497,"2022-02-28 13:57:17"
"RIF","pcr","holdout",1.4827927598469,0.00407565900975298,"2022-02-28 13:57:17"
"RIF","pcr","test",1.19583790547087,0.350594570499253,"2022-02-28 13:57:17"
"RIF","rf","holdout",1.69646343269746,0.0177211753098908,"2022-02-28 13:57:17"
"RIF","rf","test",1.27252491134706,0.248428223773466,"2022-02-28 13:57:17"
"RIF","xgb","holdout",1.37927055426313,0.00477969145406231,"2022-02-28 13:57:17"
"RIF","xgb","test",1.45850411698352,0.0893253528828684,"2022-02-28 13:57:17"
"RUNE","lm","holdout",1.46842834527617,0.0368606280240941,"2022-02-28 13:57:17"
"RUNE","lm","test",2.20750928354636,0.425622486870252,"2022-02-28 13:57:17"
"RUNE","nnet","holdout",2.0941582023914,0.127378271288728,"2022-02-28 13:57:17"
"RUNE","nnet","test",3.02775107136169,0.162092334021337,"2022-02-28 13:57:17"
"RUNE","pcr","holdout",1.23963213913597,0.281595590996982,"2022-02-28 13:57:17"
"RUNE","pcr","test",1.87064121312891,0.394042215217053,"2022-02-28 13:57:17"
"RUNE","rf","holdout",1.3842018121026,0.146620500125792,"2022-02-28 13:57:17"
"RUNE","rf","test",2.29571799064218,0.164070252561618,"2022-02-28 13:57:17"
"RUNE","xgb","holdout",3.15619234765027,0.000706329551304762,"2022-02-28 13:57:17"
"RUNE","xgb","test",2.9628790745802,0.0831887476653793,"2022-02-28 13:57:17"
"SAND","lm","holdout",1.35766258957624,0.328949648292699,"2022-02-28 13:57:17"
"SAND","lm","test",1.92409852450692,0.534165324035806,"2022-02-28 13:57:17"
"SAND","nnet","holdout",1.92788207388261,0.246905571800348,"2022-02-28 13:57:17"
"SAND","nnet","test",4.26901456840465,0.144004633961299,"2022-02-28 13:57:17"
"SAND","pcr","holdout",1.24777478413612,0.447687933924717,"2022-02-28 13:57:17"
"SAND","pcr","test",2.07413078907573,0.368784489493939,"2022-02-28 13:57:17"
"SAND","rf","holdout",3.92001305844058,0.018982345423207,"2022-02-28 13:57:17"
"SAND","rf","test",2.20285753759436,0.142084410431331,"2022-02-28 13:57:17"
"SAND","xgb","holdout",2.54774618074701,0.00018803901912221,"2022-02-28 13:57:17"
"SAND","xgb","test",3.03371431980741,0.0818254711072312,"2022-02-28 13:57:17"
"SFP","lm","holdout",1.4007655291745,0.469958457992228,"2022-02-28 13:57:17"
"SFP","lm","test",1.07899541009622,0.578957616850498,"2022-02-28 13:57:17"
"SFP","nnet","holdout",1.97815924668946,0.000225526157920715,"2022-02-28 13:57:17"
"SFP","nnet","test",2.9477108339837,0.170618750256973,"2022-02-28 13:57:17"
"SFP","pcr","holdout",1.68072203914194,0.181285119159489,"2022-02-28 13:57:17"
"SFP","pcr","test",1.48058626900311,0.382590499306627,"2022-02-28 13:57:17"
"SFP","rf","holdout",1.85772453350316,0.000120814331241903,"2022-02-28 13:57:17"
"SFP","rf","test",2.36324361654693,0.170792776703348,"2022-02-28 13:57:17"
"SFP","xgb","holdout",2.990543976954,0.991221703496416,"2022-02-28 13:57:17"
"SFP","xgb","test",2.42288287926045,0.179669379255294,"2022-02-28 13:57:17"
"SKL","lm","holdout",2.59983859206362,0.530811779662301,"2022-02-28 13:57:17"
"SKL","lm","test",5.17476832860078,0.365418905485266,"2022-02-28 13:57:17"
"SKL","nnet","holdout",3.81908913637445,0.00023167366855603,"2022-02-28 13:57:17"
"SKL","nnet","test",5.80117706143885,0.207364799273916,"2022-02-28 13:57:17"
"SKL","pcr","holdout",3.97967009677904,0.0110436545183115,"2022-02-28 13:57:17"
"SKL","pcr","test",4.57752364531896,0.204962453451478,"2022-02-28 13:57:17"
"SKL","rf","holdout",4.11895101100678,0.0000000215085336861928,"2022-02-28 13:57:17"
"SKL","rf","test",5.79583805369547,0.16957482073798,"2022-02-28 13:57:17"
"SKL","xgb","holdout",4.91727885750204,0.00053646098699259,"2022-02-28 13:57:17"
"SKL","xgb","test",6.60408788690502,0.170220829178239,"2022-02-28 13:57:17"
"SLP","lm","holdout",1.87767155556655,0.631055656995989,"2022-02-28 13:57:17"
"SLP","lm","test",22.3037051890114,0.357261664986434,"2022-02-28 13:57:17"
"SLP","nnet","holdout",3.36775540780685,0.0262383333449704,"2022-02-28 13:57:17"
"SLP","nnet","test",4.19526009633437,0.105704757438324,"2022-02-28 13:57:17"
"SLP","pcr","holdout",2.81255724584096,0.0803441918794497,"2022-02-28 13:57:17"
"SLP","pcr","test",1.61261194280769,0.18132828457825,"2022-02-28 13:57:17"
"SLP","rf","holdout",3.55923857541288,0.0354325164570329,"2022-02-28 13:57:17"
"SLP","rf","test",2.10237204594188,0.0963109370136881,"2022-02-28 13:57:17"
"SLP","xgb","holdout",5.28100459184027,0.0876604746621157,"2022-02-28 13:57:17"
"SLP","xgb","test",2.85970124571564,0.0585057425980023,"2022-02-28 13:57:17"
"SNX","lm","holdout",0.364540868242756,0.958746287199321,"2022-02-28 13:57:17"
"SNX","lm","test",1.45854476997711,0.495326888329239,"2022-02-28 13:57:17"
"SNX","nnet","holdout",2.32505195841973,0.257928489133747,"2022-02-28 13:57:17"
"SNX","nnet","test",3.21998143839886,0.267977204495916,"2022-02-28 13:57:17"
"SNX","pcr","holdout",1.28723312281285,0.315232178049349,"2022-02-28 13:57:17"
"SNX","pcr","test",1.70668063615894,0.434775822294804,"2022-02-28 13:57:17"
"SNX","rf","holdout",2.46475757280736,0.0169525008225352,"2022-02-28 13:57:17"
"SNX","rf","test",3.36244688013562,0.114266145869634,"2022-02-28 13:57:17"
"SNX","xgb","holdout",3.7488998957891,0.0172618203744792,"2022-02-28 13:57:17"
"SNX","xgb","test",3.99293785313522,0.0114888310478483,"2022-02-28 13:57:17"
"SPI","lm","holdout",14.1433990826911,0.0166314874290938,"2022-02-28 13:57:17"
"SPI","lm","test",3.03802548604271,0.590645150384831,"2022-02-28 13:57:17"
"SPI","nnet","holdout",10.902098558618,0.0170958491208178,"2022-02-28 13:57:17"
"SPI","nnet","test",6.50321727641677,0.0374182582744952,"2022-02-28 13:57:17"
"SPI","pcr","holdout",2.04668735421865,0.0168951920164994,"2022-02-28 13:57:17"
"SPI","pcr","test",4.83796076897706,0.171197187389392,"2022-02-28 13:57:17"
"SPI","rf","holdout",10.6740345131166,0.00119531477674758,"2022-02-28 13:57:17"
"SPI","rf","test",4.27601969004478,0.266115818495784,"2022-02-28 13:57:17"
"SPI","xgb","holdout",1.11531951960666,0.0326492855361296,"2022-02-28 13:57:17"
"SPI","xgb","test",5.81768649723488,0.0905949276429878,"2022-02-28 13:57:17"
"SUKU","lm","holdout",0.775587390208003,0.794943306830621,"2022-02-28 13:57:17"
"SUKU","lm","test",236.3868399902,0.415868702069055,"2022-02-28 13:57:17"
"SUKU","nnet","holdout",2.91921794359156,0.294535129649095,"2022-02-28 13:57:17"
"SUKU","nnet","test",4.85757865071367,0.283044605290249,"2022-02-28 13:57:17"
"SUKU","pcr","holdout",1.27035660096853,0.403971291160361,"2022-02-28 13:57:17"
"SUKU","pcr","test",6.42297597765386,0.284954059369978,"2022-02-28 13:57:17"
"SUKU","rf","holdout",1.39606591140501,0.265664707730555,"2022-02-28 13:57:17"
"SUKU","rf","test",4.8166790456787,0.295917155613084,"2022-02-28 13:57:17"
"SUKU","xgb","holdout",1.70256872745464,0.0210455920306192,"2022-02-28 13:57:17"
"SUKU","xgb","test",6.83938777920546,0.188568269442705,"2022-02-28 13:57:17"
"SXP","lm","holdout",0.801900045927431,0.569066032576506,"2022-02-28 13:57:17"
"SXP","lm","test",0.980612464501627,0.616271846779324,"2022-02-28 13:57:17"
"SXP","nnet","holdout",1.21375444500986,0.0288484781516505,"2022-02-28 13:57:17"
"SXP","nnet","test",2.63940180198481,0.186559028085067,"2022-02-28 13:57:17"
"SXP","pcr","holdout",1.24794375956478,0.000756633146532137,"2022-02-28 13:57:17"
"SXP","pcr","test",1.15437933978055,0.301402855797637,"2022-02-28 13:57:17"
"SXP","rf","holdout",5.03737362611063,0.0924334820260129,"2022-02-28 13:57:17"
"SXP","rf","test",2.97395445395432,0.0832390429425234,"2022-02-28 13:57:17"
"SXP","xgb","holdout",3.49858102780665,0.124775006456779,"2022-02-28 13:57:17"
"SXP","xgb","test",2.35050020073119,0.191234573132688,"2022-02-28 13:57:17"
"THETA","lm","holdout",1.21330879907892,0.200023572638086,"2022-02-28 13:57:17"
"THETA","lm","test",3.16343488410199,0.304396058113517,"2022-02-28 13:57:17"
"THETA","nnet","holdout",2.53816001605056,0.0466489070166601,"2022-02-28 13:57:17"
"THETA","nnet","test",2.71329343692937,0.178179263710309,"2022-02-28 13:57:17"
"THETA","pcr","holdout",1.35331118764093,0.116868669411452,"2022-02-28 13:57:17"
"THETA","pcr","test",2.94337052030381,0.360139190009868,"2022-02-28 13:57:17"
"THETA","rf","holdout",1.37031887019671,0.0582405432436657,"2022-02-28 13:57:17"
"THETA","rf","test",3.39359645511892,0.0205732948793225,"2022-02-28 13:57:17"
"THETA","xgb","holdout",3.75677384724559,0.0247553822198548,"2022-02-28 13:57:17"
"THETA","xgb","test",2.96907965607945,0.0792950710251387,"2022-02-28 13:57:17"
"TOMO","lm","holdout",1.71590515980101,0.80361510065697,"2022-02-28 13:57:17"
"TOMO","lm","test",2.52396672488088,0.176501185557349,"2022-02-28 13:57:17"
"TOMO","nnet","holdout",4.35954521052131,0.00245925688319849,"2022-02-28 13:57:17"
"TOMO","nnet","test",2.4126952552547,0.0121615532263094,"2022-02-28 13:57:17"
"TOMO","pcr","holdout",3.30921921480179,0.225296247551086,"2022-02-28 13:57:17"
"TOMO","pcr","test",2.39489284648554,0.0565827916112048,"2022-02-28 13:57:17"
"TOMO","rf","holdout",1.81693448709762,0.907641794211337,"2022-02-28 13:57:17"
"TOMO","rf","test",4.19415866893645,0.00944841606563252,"2022-02-28 13:57:17"
"TOMO","xgb","holdout",1.96325703398906,0.869686685060972,"2022-02-28 13:57:17"
"TOMO","xgb","test",2.62350168778463,0.00740516600076177,"2022-02-28 13:57:17"
"TORN","lm","holdout",1.80074985528869,0.449051459500451,"2022-02-28 13:57:17"
"TORN","lm","test",2.34868570938365,0.469736923680505,"2022-02-28 13:57:17"
"TORN","nnet","holdout",1.93632958371663,0.315562158503846,"2022-02-28 13:57:17"
"TORN","nnet","test",3.38499473963096,0.183659363142675,"2022-02-28 13:57:17"
"TORN","pcr","holdout",1.98090386104868,0.352015810924933,"2022-02-28 13:57:17"
"TORN","pcr","test",3.04713487132808,0.232925937461667,"2022-02-28 13:57:17"
"TORN","rf","holdout",6.21775560940584,0.0361982956316156,"2022-02-28 13:57:17"
"TORN","rf","test",3.63486586236866,0.134904243232291,"2022-02-28 13:57:17"
"TORN","xgb","holdout",6.48692516126472,0.0209781293831719,"2022-02-28 13:57:17"
"TORN","xgb","test",5.04611151019284,0.028179486972084,"2022-02-28 13:57:17"
"TRIBE","lm","holdout",0.504571893649044,0.460203462197068,"2022-02-28 13:57:17"
"TRIBE","lm","test",1.05434080245062,0.448705734830944,"2022-02-28 13:57:17"
"TRIBE","nnet","holdout",1.6993350158002,0.181577167679735,"2022-02-28 13:57:17"
"TRIBE","nnet","test",2.83857261935239,0.207751916209296,"2022-02-28 13:57:17"
"TRIBE","pcr","holdout",0.513904876660791,0.274744202316341,"2022-02-28 13:57:17"
"TRIBE","pcr","test",1.42896350777657,0.228510981933484,"2022-02-28 13:57:17"
"TRIBE","rf","holdout",0.569579095249737,0.163645079017819,"2022-02-28 13:57:17"
"TRIBE","rf","test",1.72361003653451,0.218694488560386,"2022-02-28 13:57:17"
"TRIBE","xgb","holdout",0.720048172347294,0.000796716095051227,"2022-02-28 13:57:17"
"TRIBE","xgb","test",3.60979329106199,0.00924809831132681,"2022-02-28 13:57:17"
"TRX","lm","holdout",1.08342793006797,0.206557953775599,"2022-02-28 13:57:17"
"TRX","lm","test",0.532917700586973,0.64865516928869,"2022-02-28 13:57:17"
"TRX","nnet","holdout",1.16736777293111,0.0908777331414016,"2022-02-28 13:57:17"
"TRX","nnet","test",1.25014244848391,0.191968624877911,"2022-02-28 13:57:17"
"TRX","pcr","holdout",0.936230252107347,0.353617449733854,"2022-02-28 13:57:17"
"TRX","pcr","test",0.659985052193481,0.415989706525916,"2022-02-28 13:57:17"
"TRX","rf","holdout",1.69113777012183,0.0035297293188524,"2022-02-28 13:57:17"
"TRX","rf","test",0.882250093262919,0.14881167278549,"2022-02-28 13:57:17"
"TRX","xgb","holdout",1.61798390426616,0.00865463192030216,"2022-02-28 13:57:17"
"TRX","xgb","test",1.00053035652854,0.110818606029743,"2022-02-28 13:57:17"
"TXA","lm","holdout",2.4492909924793,0.366526563749141,"2022-02-28 13:57:17"
"TXA","lm","test",38.8640562486595,0.324571719943886,"2022-02-28 13:57:17"
"TXA","nnet","holdout",3.09065263794113,0.358514338409114,"2022-02-28 13:57:17"
"TXA","nnet","test",68.496601396262,0.0514439648313785,"2022-02-28 13:57:17"
"TXA","pcr","holdout",2.71116357969896,0.36743695375197,"2022-02-28 13:57:17"
"TXA","pcr","test",51.7061092229808,0.260945243742483,"2022-02-28 13:57:17"
"TXA","rf","holdout",2.71916225356997,0.367795554888599,"2022-02-28 13:57:17"
"TXA","rf","test",39.6830093242523,0.304433522961946,"2022-02-28 13:57:17"
"TXA","xgb","holdout",3.11870531156645,0.294695586823575,"2022-02-28 13:57:17"
"TXA","xgb","test",37.3633864571997,0.255945478239661,"2022-02-28 13:57:17"
"UMA","lm","holdout",0.656803640700971,0.430130568920029,"2022-02-28 13:57:17"
"UMA","lm","test",2.28022094907233,0.32624224772456,"2022-02-28 13:57:17"
"UMA","nnet","holdout",1.43048268113116,0.999994906438416,"2022-02-28 13:57:17"
"UMA","nnet","test",2.99248156041347,0.254297898635643,"2022-02-28 13:57:17"
"UMA","pcr","holdout",0.502658971827333,0.897156824907883,"2022-02-28 13:57:17"
"UMA","pcr","test",1.97110986178879,0.287841184927349,"2022-02-28 13:57:17"
"UMA","rf","holdout",0.894671802750053,0.981750417477682,"2022-02-28 13:57:17"
"UMA","rf","test",2.6403560939216,0.252107843774857,"2022-02-28 13:57:17"
"UMA","xgb","holdout",0.816856841326578,0.333568970823529,"2022-02-28 13:57:17"
"UMA","xgb","test",3.35666213345889,0.00404289488968979,"2022-02-28 13:57:17"
"VIB","lm","holdout",5.06248446844307,0.0130004839612903,"2022-02-28 13:57:17"
"VIB","lm","test",8.20924775046939,0.39385870033594,"2022-02-28 13:57:17"
"VIB","nnet","holdout",2.0741858268311,0.00576206068223982,"2022-02-28 13:57:17"
"VIB","nnet","test",11.8962622763085,0.17193244757768,"2022-02-28 13:57:17"
"VIB","pcr","holdout",1.5846407123127,0.00573177555928276,"2022-02-28 13:57:17"
"VIB","pcr","test",10.6573620830501,0.25518527760647,"2022-02-28 13:57:17"
"VIB","rf","holdout",3.18544629270223,0.0039468179886056,"2022-02-28 13:57:17"
"VIB","rf","test",11.0233077826315,0.225828789475312,"2022-02-28 13:57:17"
"VIB","xgb","holdout",2.86059215938889,0.00222780204171146,"2022-02-28 13:57:17"
"VIB","xgb","test",11.2794911522456,0.116786526472638,"2022-02-28 13:57:17"
"WAXP","lm","holdout",1.00658975536038,0.264187837185512,"2022-02-28 13:57:17"
"WAXP","lm","test",0.652580905963793,0.750188576536475,"2022-02-28 13:57:17"
"WAXP","nnet","holdout",1.73912806901349,0.0720578072416111,"2022-02-28 13:57:17"
"WAXP","nnet","test",1.62968356293273,0.148430531157799,"2022-02-28 13:57:17"
"WAXP","pcr","holdout",1.11169144520602,0.0491768246198728,"2022-02-28 13:57:17"
"WAXP","pcr","test",1.16964122304171,0.289117817835949,"2022-02-28 13:57:17"
"WAXP","rf","holdout",2.03260058980166,0.238160290978833,"2022-02-28 13:57:17"
"WAXP","rf","test",2.02101776267972,0.138989343516944,"2022-02-28 13:57:17"
"WAXP","xgb","holdout",3.37596037626437,0.0233557542061838,"2022-02-28 13:57:17"
"WAXP","xgb","test",2.08712158991377,0.125628808587064,"2022-02-28 13:57:17"
"XCH","lm","holdout",0.899937131261303,0.788821679000698,"2022-02-28 13:57:17"
"XCH","lm","test",0.633809834661593,0.577897604511232,"2022-02-28 13:57:17"
"XCH","nnet","holdout",1.59478055310477,0.256054698121192,"2022-02-28 13:57:17"
"XCH","nnet","test",1.50713020917349,0.130919732768063,"2022-02-28 13:57:17"
"XCH","pcr","holdout",1.15742669132336,0.568987160752568,"2022-02-28 13:57:17"
"XCH","pcr","test",0.871896971945339,0.251711138845212,"2022-02-28 13:57:17"
"XCH","rf","holdout",1.60936210239605,0.0127339206990043,"2022-02-28 13:57:17"
"XCH","rf","test",1.71340390599932,0.0673541632406784,"2022-02-28 13:57:17"
"XCH","xgb","holdout",3.64169176591638,0.000508865968210536,"2022-02-28 13:57:17"
"XCH","xgb","test",1.78940040184077,0.149068873766201,"2022-02-28 13:57:17"
"XDC","lm","holdout",0.684972577246343,0.326130074212099,"2022-02-28 13:57:17"
"XDC","lm","test",1.36420277190396,0.443479929389707,"2022-02-28 13:57:17"
"XDC","nnet","holdout",0.541343927223756,0.00304162729990897,"2022-02-28 13:57:17"
"XDC","nnet","test",1.93525027010509,0.097495550696264,"2022-02-28 13:57:17"
"XDC","pcr","holdout",0.521835944575458,0.0739819038877459,"2022-02-28 13:57:17"
"XDC","pcr","test",1.35703338390931,0.261836349486775,"2022-02-28 13:57:17"
"XDC","rf","holdout",0.58783004238511,0.00361666223448234,"2022-02-28 13:57:17"
"XDC","rf","test",1.64629934741043,0.0923275133447989,"2022-02-28 13:57:17"
"XDC","xgb","holdout",1.76832252293855,0.000437482203104372,"2022-02-28 13:57:17"
"XDC","xgb","test",2.09269089954227,0.0194778150977932,"2022-02-28 13:57:17"
"XEM","lm","holdout",0.727005580950847,0.763580849486084,"2022-02-28 13:57:17"
"XEM","lm","test",0.557303566486786,0.71210414072028,"2022-02-28 13:57:17"
"XEM","nnet","holdout",1.06495785581776,0.499675165849086,"2022-02-28 13:57:17"
"XEM","nnet","test",1.17077605174059,0.162434474095586,"2022-02-28 13:57:17"
"XEM","pcr","holdout",1.11462904634402,0.455139280161867,"2022-02-28 13:57:17"
"XEM","pcr","test",0.878971544018958,0.390122894906303,"2022-02-28 13:57:17"
"XEM","rf","holdout",3.39336605209847,0.0422483710191762,"2022-02-28 13:57:17"
"XEM","rf","test",1.20784798122656,0.055693716215172,"2022-02-28 13:57:17"
"XEM","xgb","holdout",2.54746407306914,0.00357137063773223,"2022-02-28 13:57:17"
"XEM","xgb","test",1.42212881150959,0.0981065021271318,"2022-02-28 13:57:17"
"XMR","lm","holdout",0.58990027278088,0.695453307713136,"2022-02-28 13:57:17"
"XMR","lm","test",0.773869301687596,0.732947100492198,"2022-02-28 13:57:17"
"XMR","nnet","holdout",2.03163663636771,0.0731488762090683,"2022-02-28 13:57:17"
"XMR","nnet","test",2.31490947534222,0.20615214773083,"2022-02-28 13:57:17"
"XMR","pcr","holdout",0.926322369414928,0.230365495290544,"2022-02-28 13:57:17"
"XMR","pcr","test",0.959909292382383,0.439716750208791,"2022-02-28 13:57:17"
"XMR","rf","holdout",2.79829616235265,0.00733400868201552,"2022-02-28 13:57:17"
"XMR","rf","test",2.69166096896488,0.160615530289721,"2022-02-28 13:57:17"
"XMR","xgb","holdout",2.23669567125706,0.0886380011354439,"2022-02-28 13:57:17"
"XMR","xgb","test",3.12267723415627,0.0735422606330332,"2022-02-28 13:57:17"
"ZEC","lm","holdout",0.961932224283379,0.421237280222666,"2022-02-28 13:57:17"
"ZEC","lm","test",0.638452802503646,0.719134409631485,"2022-02-28 13:57:17"
"ZEC","nnet","holdout",2.34935861982419,0.0445663125610195,"2022-02-28 13:57:17"
"ZEC","nnet","test",2.41945900922482,0.0689668453454392,"2022-02-28 13:57:17"
"ZEC","pcr","holdout",1.17937491236461,0.130315398652252,"2022-02-28 13:57:17"
"ZEC","pcr","test",1.18797617368338,0.114432468540636,"2022-02-28 13:57:17"
"ZEC","rf","holdout",1.36376549507159,0.0491669204851252,"2022-02-28 13:57:17"
"ZEC","rf","test",1.73603951489134,0.0343409616146611,"2022-02-28 13:57:17"
"ZEC","xgb","holdout",3.08636172623907,0.249752724090793,"2022-02-28 13:57:17"
"ZEC","xgb","test",1.7712424540749,0.0286463118351057,"2022-02-28 13:57:17"
"ZRX","lm","holdout",0.5834413362668,0.791392781847282,"2022-02-28 13:57:17"
"ZRX","lm","test",0.979273963699453,0.526747575880477,"2022-02-28 13:57:17"
"ZRX","nnet","holdout",2.30677359884653,0.0152725512054276,"2022-02-28 13:57:17"
"ZRX","nnet","test",2.34887644572523,0.126952856846771,"2022-02-28 13:57:17"
"ZRX","pcr","holdout",1.27735212080127,0.0309571276468718,"2022-02-28 13:57:17"
"ZRX","pcr","test",1.06862506028312,0.300068141117635,"2022-02-28 13:57:17"
"ZRX","rf","holdout",1.37311435688602,0.0185184091125774,"2022-02-28 13:57:17"
"ZRX","rf","test",2.70411738350935,0.179968838638798,"2022-02-28 13:57:17"
"ZRX","xgb","holdout",4.15758567061815,0.258525250147846,"2022-02-28 13:57:17"
"ZRX","xgb","test",2.63751321139617,0.0917348536624729,"2022-02-28 13:57:17"
"ZYN","lm","holdout",5.54953588158029,0.169888520268807,"2022-02-28 13:57:17"
"ZYN","lm","test",14.386407186658,0.16652399743363,"2022-02-28 13:57:17"
"ZYN","nnet","holdout",7.00137527842721,0.0225084335857591,"2022-02-28 13:57:17"
"ZYN","nnet","test",6.16771886966036,0.0792959243287165,"2022-02-28 13:57:17"
"ZYN","pcr","holdout",5.80271806842988,0.091920581421234,"2022-02-28 13:57:17"
"ZYN","pcr","test",5.42553459946526,0.202042629068137,"2022-02-28 13:57:17"
"ZYN","rf","holdout",6.09591006045289,0.00350841856601492,"2022-02-28 13:57:17"
"ZYN","rf","test",6.50517087731379,0.0904223684209534,"2022-02-28 13:57:17"
"ZYN","xgb","holdout",6.75518184620824,0.0730490264828372,"2022-02-28 13:57:17"
"ZYN","xgb","test",12.4362222552613,0.011527818295408,"2022-02-28 13:57:17"
